incident_id,date,date_precision,time_of_day,time_local,location,country,shape,size,color,object_count,behavior,duration,sensors,witness_count,witness_types,agencies,n_agencies,n_source_docs,n_records_merged,explanation_status,confidence,summary,source_docs
INC-0001,1940-11-08,day,dawn,1940,Panama,Panama,comet,larger than Venus,star-like,1,stationary,40 minutes,visual,1,government-civilian,Department of War,1,1,1,partially-explained,medium,A comet-like object with a long cone of light was observed for 40 minutes.,38_143685_box7_incident_summaries_173-233
INC-0002,1943,year,unknown,,European and Far East theaters,,balls of light,,,,fly near or with aircraft; maneuver rapidly,,visual,,military-pilot,CIA,1,1,1,unexplained,medium,Foo Fighters sightings during World War II.,pursue-r3--cia-uap-002
INC-0003,1943-11-03,day,morning,1040,"Andrews Fld, Md",USA,round,unknown,unknown,3,unknown,unknown,visual,3,military-pilot,Department of War,1,1,1,explained,high,Cluster of balloons identified as cosmic ray equipment.,38_143685_box7_incident_summaries_173-233
INC-0004,1944,year,unknown,,Gut Alt Golssen,Germany,circular,"75 to 100 yards in diameter, 14 feet high",dark gray,1,vertically rising; moving horizontally; engine stalling,,visual,1,civilian,FBI,1,1,1,not-assessed,high,"Wladyslaw Krasuski observed a large, circular, vertically-rising vehicle near a German military compound while working as a prisoner of war.",65_hs1-101634279_100-de-26505
INC-0005,1944,year,unknown,,"Gut Alt Golssen, Germany",Germany,circular,75-100 yards diameter,dark gray,1,rising vertically; moving horizontally,,visual,1,civilian,FBI,1,1,1,not-assessed,high,Wladyslaw Krasuski observed a circular vehicle while a German POW.,65_hs1-834228961_62-hq-83894_section_8
INC-0006,1944,year,unknown,,,Germany,circular,,,,vertically-rising,,visual,1,civilian,FBI,1,1,1,unexplained,medium,"German military compound sighting of a large, circular, vertically-rising vehicle.",pursue-r1-record-index
INC-0007,1944-10-11,day,afternoon,1300,"Neubiberg, Germany",Germany,round,unknown,silver,1,stationary,45 minutes,visual,6,military-other,Department of War,1,1,1,not-assessed,high,Shiny round object observed for 45 minutes.,38_143685_box7_incident_summaries_173-233
INC-0008,1944-11,month,unknown,,"Black Forest, Austria",Austria,saucer,21 feet diameter,,1,flight; parked,,visual; photo,1,military-other,FBI,1,1,1,not-assessed,high,Paul L. Peyerl reported photographing a saucer-shaped aircraft in the Black Forest of Austria in 1944 while serving as a test pilot.,65_hs1-834228961_62-hq-83894_section_10
INC-0009,1944-12-14,day,night,18:40,Erstein,France,,large,red,,traveling,,visual,,military-pilot,415th Night Fighter Squadron,1,1,1,not-assessed,high,Pilot observed a large red light traveling East at 200 MPH.,331_120752_numeric_files_1944–1945_37153_german_armament_equipment_documents
INC-0010,1944-12-16,day,night,,Breisach,Germany,T-shape,,red and green,,flashing; followed aircraft,,visual,,military-pilot,415th Night Fighter Squadron,1,1,1,not-assessed,high,Pilot observed 5 or 6 flashing red and green lights in a T-shape that followed the aircraft.,331_120752_numeric_files_1944–1945_37153_german_armament_equipment_documents
INC-0011,1944-12-22,day,night,06:00,Hagenau,France,,,orange,2,followed aircraft; peeled off; leveled off,,visual,,military-pilot,415th Night Fighter Squadron,1,1,1,not-assessed,high,Two lights with an orange glow followed the aircraft for two minutes before peeling off.,331_120752_numeric_files_1944–1945_37153_german_armament_equipment_documents
INC-0012,1944-12-23,day,night,,,,,,reddish,,,,visual,,military-pilot,415th Night Fighter Squadron,1,1,1,not-assessed,high,"Pilot observed reddish colored flames at 10,000 feet.",331_120752_numeric_files_1944–1945_37153_german_armament_equipment_documents
INC-0013,1944-12-23,day,night,,Point X (Q6745),,,,red,,shot straight up; wing over; dive,,visual,,military-pilot,415th Night Fighter Squadron,1,1,1,not-assessed,high,"Glowing red object shot straight up, performed a wing-over, and dove.",331_120752_numeric_files_1944–1945_37153_german_armament_equipment_documents
INC-0014,1944-12-26,day,night,01:45,Q-9050 and R-1556,,,,"yellow, red",,flying; prop wash,,visual,,military-pilot,415th Night Fighter Squadron,1,1,1,not-assessed,high,Two yellow streaks of flame and red balls of fire observed; pilot felt prop wash.,331_120752_numeric_files_1944–1945_37153_german_armament_equipment_documents
INC-0015,1944-12-26,day,night,,,,,,white,,stationary,,visual,,military-pilot,415th Night Fighter Squadron,1,1,1,not-assessed,high,"Airborne white lights observed staggered vertically, appearing stationary.",331_120752_numeric_files_1944–1945_37153_german_armament_equipment_documents
INC-0016,1944-12-26,day,night,,Worms,,,,,,followed aircraft; pulled up rapidly,,visual,,military-pilot,415th Night Fighter Squadron,1,1,1,not-assessed,high,Light approached within 100 feet and followed the aircraft for 5 minutes.,331_120752_numeric_files_1944–1945_37153_german_armament_equipment_documents
INC-0017,1944-12-27,day,night,,Q-1378,,,,orange,,moving slowly,,visual,,military-pilot,415th Night Fighter Squadron,1,1,1,not-assessed,high,Orange lights suspended in air moving slowly.,331_120752_numeric_files_1944–1945_37153_german_armament_equipment_documents
INC-0018,1944-12-27,day,night,19:10,Luneville,France,,,red and white,,closing in,,visual,,military-pilot,415th Night Fighter Squadron,1,1,1,not-assessed,high,Three sets of red and white lights closed in on aircraft.,331_120752_numeric_files_1944–1945_37153_german_armament_equipment_documents
INC-0019,1944-12-30,day,night,,,,,,,,flying,,visual,,military-pilot,415th Night Fighter Squadron,1,1,1,not-assessed,high,Group of lights observed flying through the air.,331_120752_numeric_files_1944–1945_37153_german_armament_equipment_documents
INC-0020,1945,year,evening,evening,"Habberbishophiem, Germany",Germany,unknown,,,1,spiraling,,visual,1,unknown,Department of War,1,1,1,unexplained,medium,Object observed descending in spiral motion.,38_143685_box7_incident_summaries_1-100
INC-0021,1945-01-01,day,morning,10:30,F-5710,,cylinder,"12 ft long, 1 ft diameter",aluminum,,floating; attacked; deflated,,visual; photo,,military-pilot,67th TAC/R Group,1,1,1,not-assessed,high,"Aluminum colored cylinder observed at 9,000 feet; attacked and partially deflated.",331_120752_numeric_files_1944–1945_37153_german_armament_equipment_documents
INC-0022,1945-01-14,day,night,20:00,Ingweiller,,,5 ft diameter,orange,,,,visual,,military-pilot,415th Night Fighter Squadron,1,1,1,not-assessed,high,Large orange glow observed in the sky.,331_120752_numeric_files_1944–1945_37153_german_armament_equipment_documents
INC-0023,1945-01-29,day,night,00:10,Weissembourg and Landau,,,1 ft diameter,amber,2,following,,visual,,military-pilot,415th Night Fighter Squadron,1,1,1,not-assessed,high,Two amber lights observed following the aircraft.,331_120752_numeric_files_1944–1945_37153_german_armament_equipment_documents
INC-0024,1945-10-04,day,afternoon,1430,"Dayton, Ohio",USA,teardrop,1-1/2 feet long,silver or silvery white,3,gradual descent,1 second,visual,2,military-pilot,Department of War,1,1,1,not-assessed,medium,Teardrop-shaped metallic objects observed from C-47.,38_143685_box7_incident_summaries_173-233
INC-0025,1945-10-31,day,night,0230,Azores,Portugal,flat round,unknown,pale yellow or light orange,1,weaving; swinging,3 to 5 minutes,visual,1,military-other,Department of War,1,1,2,not-assessed,high,Flat round object weaving overhead.,38_143685_box7_incident_summaries_173-233; 38_143685_box7_incident_summaries_173-233
INC-0026,1945-11-17,day,afternoon,1430,Clark AF Base,Philippines,irregular mass,,white,1,looping,3 minutes,visual,2,military-pilot,Department of War,1,1,1,not-assessed,high,A white object resembling a flak burst with a corkscrew trail was observed.,38_143685_box7_incident_summaries_173-233
INC-0027,1945-11-29,day,night,2000,"Newburgh, New York",USA,ball,large,red,1,horizontal flight,2 seconds,visual,3,civilian,Department of War,1,1,1,not-assessed,medium,A red ball of fire with a tail was observed moving east to west.,38_143685_box7_incident_summaries_173-233
INC-0028,1945-12-12,day,night,2100,"Bernal, New Mexico",USA,ball,5 arc minutes,bright green,1,horizontal flight; curvature downward,2.1-2.3 seconds,visual,5,scientist; military-other; federal-le,Department of War,1,1,1,not-assessed,high,A bright green fireball moved horizontally before exploding into fragments.,38_143685_box7_incident_summaries_173-233
INC-0029,1946,year,unknown,,,Sweden,,,,,,,,,,CIA,1,1,1,not-assessed,low,Reference to a historical UFO sighting in Sweden.,pursue-r3--cia-uap-014
INC-0030,1946-09,month,unknown,,"Rehoboth Beach, Delaware",USA,projectile,15 inches,,1,spurting flame; high speed,,visual,1,civilian,FBI,1,1,1,not-assessed,high,Horace P. Wenyon observed a projectile crossing his course at high speed.,65_hs1-834228961_62-hq-83894_section_2
INC-0031,1946-10-31,day,afternoon,1545,"Goose Bay, Labrador",Canada,unknown,unknown,unknown,1,unknown,unknown,radar,3,military-other,Department of War,1,1,1,not-assessed,high,Radar target detected at Goose Bay.,38_143685_box7_incident_summaries_173-233
INC-0032,1946-11,month,unknown,,"Jefferson, Oregon",USA,,,,,formation,,photo,,civilian,USAF,1,1,1,explained,medium,"Photographs taken by Mary L. Herren in the vicinity of Jefferson, Oregon, showing objects in the sky.",18_100754_general_1946-7_vol_2
INC-0033,1946-12,month,unknown,unknown,Northern Arizona,USA,unknown,,white,1,straight flight,,visual,1,scientist,Department of War,1,1,1,unexplained,low,White vapor trail observed at high altitude.,38_143685_box7_incident_summaries_1-100
INC-0034,1947,year,night,2200,"Vaughn, New Mexico",USA,ball,1 foot,bright white to fiery red,1,vertical descent,,visual,1,military-other,Department of War,1,1,1,not-assessed,high,A ball of light descended vertically and exploded into sparks.,38_143685_box7_incident_summaries_173-233
INC-0035,1947-01-16,day,night,2230,"North Sea to Norfolk, UK",UK,,,,1,controlled evasive action,,radar; visual,1,military-pilot,RAF,1,1,1,unexplained,high,Mosquito aircraft vectored onto unidentified aircraft.,65_hs1-834228961_62-hq-83894_serial_130
INC-0036,1947-04,month,unknown,1100,"Richmond, Virginia",USA,ellipse,,metallic silver,1,level flight,,visual,2,civilian,Department of War,1,1,1,unexplained,high,Metallic disc observed below weather balloon.,38_143685_box7_incident_summaries_1-100
INC-0037,1947-05,month,evening,2030,"Oklahoma City, Oklahoma",USA,disc,bulk of six B-29s,frosty white,1,straight flight; swishing sound; moving toward observer,,visual,1,military-pilot; civilian,Department of War; FBI; USAF,3,3,3,unexplained,high,Frosty white disc observed moving at high speed.,38_143685_box7_incident_summaries_1-100; 65_hs1-834228961_62-hq-83894_section_3; 65_hs1-834228961_62-hq-83894_serial_130
INC-0038,1947-05-05,day,afternoon,,"Between Ellensburg and Seattle, Washington",USA,,,silver,1,nose dive; disintegrated,,visual,3,civilian,FBI,1,1,1,not-assessed,medium,Warden John Henry observed a silver object disintegrate over Washington state.,65_hs1-834228961_62-hq-83894_section_3
INC-0039,1947-05-19,day,midday,1215,"Manitou Springs, Colorado",USA,unknown,,silver,1,climbing; diving; reversal of direction,,visual,3,civilian,Department of War; USAF,2,2,2,unexplained,high,Silver object observed climbing and diving.,38_143685_box7_incident_summaries_1-100; 65_hs1-834228961_62-hq-83894_serial_130
INC-0040,1947-06-12,day,evening,1815,"Weiser, Idaho",USA,unknown,,glistening,2,shooting up and down,,visual,2,civilian,Department of War,1,1,1,unexplained,high,Tiny object emitting vapor observed shooting up and down.,38_143685_box7_incident_summaries_1-100
INC-0041,1947-06-14,day,midday,1200,"Portland, Oregon",USA,flying flapjack,,,10,V-formation,,visual,1,military-pilot,Department of War,1,1,1,unexplained,high,Ten objects in V-formation observed.,38_143685_box7_incident_summaries_1-100
INC-0042,1947-06-14,day,midday,1200,"Bakersfield, California",USA,disc,unknown,silver,10,flying in formation; oscillating; V-formation; flying north then south,,visual,1,military-pilot; civilian,FBI; USAF,2,2,2,unexplained,high,"Observation of ten flying discs in formation over Bakersfield, CA.",65_hs1-834228961_62-hq-83894_section_1; 65_hs1-834228961_62-hq-83894_serial_130
INC-0043,1947-06-21,day,midday,1200,"Spokane, Washington",USA,disc,100 feet across,shiny silvery,1,flashing; hovering; fluttering; dropping debris,,visual,1,civilian,Department of War; FBI,2,2,2,unexplained,high,Shiny object observed flashing intermittently.,38_143685_box7_incident_summaries_1-100; 65_hs1-834228961_62-hq-83894_section_3
INC-0044,1947-06-22,day,morning,1130,"Greenfield, Massachusetts",USA,round,small,silvery-white,1,moving fast in straight line,,visual,1,civilian,USAF,1,1,1,unexplained,high,Silvery-white object observed moving fast.,65_hs1-834228961_62-hq-83894_serial_130
INC-0045,1947-06-24,day,afternoon,1500,"Mt. Ranier, Washington",USA,circular,30 feet,mirror-like,9,swerving; dipping; hovering; banking; banking in the sun; flying in a chain-like line; swerved in and out of mountain peaks; shifting; formation flight; flashing; flying in chain-like line; standing on edge,45 to 60 seconds,visual,1,military-pilot; government-civilian; civilian,Department of War; FBI; US Army Air Forces; USAF,4,4,9,unexplained,high,Nine mirror-like craft observed in a diagonal chain-like line.,38_143685_box7_incident_summaries_1-100; 38_143685_box7_incident_summaries_1-100; 38_143685_box7_incident_summaries_1-100; 65_hs1-834228961_62-hq-83894_section_2; 65_hs1-834228961_62-hq-83894_section_2; 65_hs1-834228961_62-hq-83894_section_3; 65_hs1-834228961_62-hq-83894_section_3; 65_hs1-834228961_62-hq-83894_serial_130; 65_hs1-834228961_62-hq-83894_serial_130
INC-0046,1947-06-24,day,unknown,,,,,,,,,,,,,CIA,1,1,1,not-assessed,medium,Kenneth Arnold sighting of nine saucers,pursue-r3--cia-uap-019
INC-0047,1947-06-28,day,afternoon,1543,"Rockfield, Wisconsin",USA,saucer,36 inches,white,7-10,flying; zig-zag; flying very smoothly; close formation; bursts of speed; steady flight; no noise,,visual,1,civilian; military-pilot; military-other; unknown,Department of War; US Army Air Forces; USAF; FBI,4,4,8,unexplained,high,Seven to ten saucer-shaped objects observed flying south.,38_143685_box7_incident_summaries_1-100; 38_143685_box7_incident_summaries_1-100; 38_143685_box7_incident_summaries_1-100; 65_hs1-834228961_62-hq-83894_section_2; 65_hs1-834228961_62-hq-83894_serial_130; 65_hs1-834228961_62-hq-83894_serial_130; 65_hs1-834228961_62-hq-83894_section_4; 38_143685_box7_incident_summaries_1-100
INC-0048,1947-06-29,day,afternoon,1645,"Des Moines, Iowa",USA,inverted saucer,,dirty white,13,single file,,visual,1,civilian,Department of War,1,1,2,unexplained,high,Thirteen objects observed in single file formation.,38_143685_box7_incident_summaries_1-100; 38_143685_box7_incident_summaries_1-100
INC-0049,1947-06-29,day,afternoon,1300,"Las Cruces, New Mexico",USA,uniform,,,1,horizontal flight,,visual,4,civilian,Department of War,1,1,1,unexplained,high,Uniform object observed moving horizontally.,38_143685_box7_incident_summaries_1-100
INC-0050,1947-06-30,day,morning,0910,"Grand Canyon, Arizona",USA,circular,8 feet in diameter,light gray,2,descending vertically; flying straight down; inconceivable speeds; descending straight down,,visual,1,military-pilot,Department of War; AAF; USAF,3,3,3,unexplained,high,Two circular light gray objects observed descending vertically.,38_143685_box7_incident_summaries_1-100; 65_hs1-834228961_62-hq-83894_section_1; 65_hs1-834228961_62-hq-83894_serial_130
INC-0051,1947-06-30,day,afternoon,1745,"Boise, Idaho",USA,half-circled,,bright silvery,1,stationary,,visual,2,civilian,Department of War,1,1,1,unexplained,high,Half-circled bright object observed clinging to a cloud.,38_143685_box7_incident_summaries_1-100
INC-0052,1947-07,month,afternoon,,"Oak Ridge, Tennessee",United States,sphere,,,1,flying,,photo,1,civilian,FBI,1,2,2,explained,high,"Photographs taken by William Presley of an unidentified object over Oak Ridge, TN, were evaluated by the Air Force and determined to be a result of film defects (water or developer drops).",65_hs1-834228961_62-hq-83894_section_4; 65_HS1-834228961_62-HQ-83894_Serial_153
INC-0053,1947-07-03,day,afternoon,1530,"South Brooksville, Maine",USA,unknown,,light-colored,10,irregular movement; moving irregularly like a swarm of bees,,visual,1,scientist,Department of War; USAF,2,2,2,unexplained,high,Group of light-colored objects observed moving irregularly.,38_143685_box7_incident_summaries_1-100; 65_hs1-834228961_62-hq-83894_serial_130
INC-0054,1947-07-03,day,evening,,"Minnesota Ave NE, Washington, D.C.",USA,dish,,golden,,swished over horizon,,visual,2,civilian,FBI,1,1,1,not-assessed,medium,Three dish-shaped objects observed flying over Washington D.C.,65_hs1-834228961_62-hq-83894_sub_a
INC-0055,1947-07-04,day,afternoon,1305,"Portland, Oregon",USA,round disc,unknown,aluminum,5,oscillating; dipping; 90-degree turn; following; fluttering; straight line formation; wobbling; disappearing and reappearing; fast flight; flipping; heading; flying; flying in formation; changing direction,,visual,1,federal-le; civilian,Department of War; CIC,2,2,10,unexplained,high,Five large discs observed dipping in an oscillating motion.,38_143685_box7_incident_summaries_1-100; 38_143685_box7_incident_summaries_1-100; 38_143685_box7_incident_summaries_1-100; 38_143685_box7_incident_summaries_1-100; 38_143685_box7_incident_summaries_1-100; 38_143685_box7_incident_summaries_1-100; 38_143685_box7_incident_summaries_1-100; 38_143685_box7_incident_summaries_1-100; 38_143685_box7_incident_summaries_1-100; 65_hs1-834228961_62-hq-83894_section_1
INC-0056,1947-07-04,day,afternoon,1305,"Vancouver, Washington",USA,V-shaped,unknown,orange,20-30,V-formation; traveling at high speed,,visual,3,federal-le; civilian,Department of War; FBI,2,2,2,unexplained,high,Twenty to thirty objects in V-formation observed with humming sound.,38_143685_box7_incident_summaries_1-100; 65_hs1-834228961_62-hq-83894_section_1
INC-0057,1947-07-04,day,evening,20:04,"Emmett, Idaho",USA,unknown,,,9,loose formation,,visual,3,military-pilot; civilian,Department of War,1,1,1,unexplained,high,Nine flying discs observed in loose formation by airline crew.,38_143685_box7_incident_summaries_1-100
INC-0058,1947-07-04,day,evening,evening,"Lake City, Seattle, Wash",USA,saucer or ball,,white,1,speeding; hovering,,visual; photo,2,federal-le; civilian,Department of War; FBI,2,2,2,unexplained,high,Saucer or ball shaped object observed overhead.,38_143685_box7_incident_summaries_1-100; 65_hs1-834228961_62-hq-83894_section_1
INC-0059,1947-07-04,day,night,2345,"West Trenton, New Jersey",USA,flying saucer,,luminous,1,traveling,,visual,1,civilian,Department of War,1,1,1,unexplained,high,Luminous flying saucer observed traveling east.,38_143685_box7_incident_summaries_1-100
INC-0060,1947-07-04,day,night,,"Friendship Heights, MD",USA,saucer,,bluish,,traveling northward at rapid rate of speed,,visual,1,civilian,FBI,1,1,1,not-assessed,medium,Three or four flying saucers observed traveling north at high speed at night.,65_hs1-834228961_62-hq-83894_sub_a
INC-0061,1947-07-06,day,morning,,"Grafton, Wisconsin",USA,circular disc,18 inches,metallic,1,crashed; swishing; whirring; explosion,,visual,1,civilian,FBI,1,2,2,explained,high,"A circular metal disc, 18 inches in diameter, crashed into a church yard in Grafton, WI, making a swishing noise and a mild explosion.",65_hs1-834228961_62-hq-83894_section_1; 65_hs1-834228961_62-hq-83894_sub_a
INC-0062,1947-07-06,day,afternoon,unknown,"Hollywood, California",USA,saucer,,red,several,spinning; horizontal flight; criss-crossing rays,,visual,1,civilian; military-other,Department of War; USAF,2,2,3,unexplained,high,Saucer-shaped objects observed with ray phenomena.,38_143685_box7_incident_summaries_1-100; 65_hs1-834228961_62-hq-83894_serial_130; 65_hs1-834228961_62-hq-83894_serial_130
INC-0063,1947-07-06,day,afternoon,1345,"Kansas City, Missouri",USA,round,,silvery,1,flying,,visual,1,military-pilot,Department of War,1,1,1,unexplained,high,Bright silvery disc observed flying in formation.,38_143685_box7_incident_summaries_1-100
INC-0064,1947-07-06,day,afternoon,,"Darlington, South Carolina",USA,disc,,,12,flying in formation,,visual,,civilian,FBI,1,1,1,not-assessed,medium,"Approximately 12 flying discs reported passing over Darlington, SC.",65_hs1-834228961_62-hq-83894_section_1
INC-0065,1947-07-06,day,night,2045,"Birmingham, Alabama",USA,round,size of a dining room table / dishpan,white / silver / red,7-10,arc flight; whirling; zig-zag; hovering; darting,,visual; photo,2,military-other; civilian,Department of War; FBI,2,2,2,unexplained,high,Seven to ten round objects observed traveling in an arc.,38_143685_box7_incident_summaries_1-100; 65_hs1-834228961_62-hq-83894_serial_130
INC-0066,1947-07-07,day,morning,10:10,"Muroc Army Air Field, Muroc, California",USA,sphere,20 to 30 feet,yellowish white,1,oscillating; whirling; revolving; spiral; banked to the right; disappeared into clouds; steady flight; maneuvered to avoid; straight course; descended vertically; horizontal flight; circular maneuvers; forward whirling motion; losing altitude; flattened out in the air; high speed; maneuvering,,visual; photo,1,military-pilot; civilian; military-other; scientist,Department of War; FBI; USAF; AAF,4,6,28,unexplained,high,Yellowish white sphere observed oscillating in a forward whirling movement.,38_143685_box7_incident_summaries_1-100; 38_143685_box7_incident_summaries_1-100; 65_hs1-834228961_62-hq-83894_section_2; 65_hs1-834228961_62-hq-83894_section_4; 65_hs1-834228961_62-hq-83894_serial_130; 65_hs1-834228961_62-hq-83894_serial_130; pursue-r3--dow-uap-d087; pursue-r3--dow-uap-d087; pursue-r3--dow-uap-d087; 65_hs1-834228961_62-hq-83894_section_2; 65_hs1-834228961_62-hq-83894_section_3; pursue-r3--dow-uap-d087; pursue-r3--dow-uap-d087; pursue-r3--dow-uap-d087; pursue-r3--dow-uap-d087; pursue-r3--dow-uap-d087; pursue-r3--dow-uap-d087; pursue-r3--dow-uap-d087; pursue-r3--dow-uap-d087; pursue-r3--dow-uap-d087; pursue-r3--dow-uap-d087; pursue-r3--dow-uap-d087; pursue-r3--dow-uap-d087; pursue-r3--dow-uap-d087; pursue-r3--dow-uap-d087; pursue-r3--dow-uap-d087; pursue-r3--dow-uap-d087; pursue-r3--dow-uap-d087
INC-0067,1947-07-07,day,afternoon,1310,"Madisonville, Ky",USA,cone,,,1,moving,,visual,1,unknown,Department of War,1,1,1,unexplained,medium,Cone-shaped object observed moving slowly.,38_143685_box7_incident_summaries_1-100
INC-0068,1947-07-07,day,afternoon,1600,"Phoenix, Arizona",USA,elliptical,,grey,1,spiraling; ascending,,visual; photo,1,civilian,Department of War,1,1,1,unexplained,high,Elliptical object observed spiraling and ascending.,38_143685_box7_incident_summaries_1-100
INC-0069,1947-07-07,day,afternoon,1300,"Lakeland, Florida",USA,unknown,,glittery,5,climbing,,visual; photo,1,civilian,Department of War,1,1,1,unexplained,high,Five shiny objects observed climbing rapidly.,38_143685_box7_incident_summaries_1-100
INC-0070,1947-07-07,day,afternoon,,"West Rindge, New Hampshire",USA,disc,14 inches in diameter,,1,started fires; fragmented,,visual,several,civilian,FBI,1,1,1,partially-explained,high,"Observation of metallic fragments and small fires on a lawn in West Rindge, NH.",65_hs1-834228961_62-hq-83894_section_1
INC-0071,1947-07-07,day,evening,,"Shreveport, Louisiana",USA,circular disc,16 inches,aluminum,1,whirring; spouting fire,,visual,,civilian,FBI,1,1,1,not-assessed,high,"A circular disc observed whirring in the air with fire spouting from sides, landing in Shreveport, LA.",65_hs1-834228961_62-hq-83894_section_1
INC-0072,1947-07-07,day,night,2230,"Arlington, Virginia",USA,blob,,white,1,fast flight,,visual,1,military-other,Department of War,1,1,1,unexplained,high,Blob of light observed crossing at high speed.,38_143685_box7_incident_summaries_1-100
INC-0073,1947-07-07,day,night,,"Omaha, Nebraska",USA,circular disc,silver dollar,unknown,1,dropped; burning,,visual,,civilian,FBI,1,1,1,explained,high,"A flaming object dropped in the street in front of a house in Omaha, Nebraska, and was examined by the witness.",65_hs1-834228961_62-hq-83894_section_1
INC-0074,1947-07-08,day,morning,0930,"Muroc Air Field, Muroc, Calif",USA,disc-like or spherical,,silver,3,tight circle; moving north; oscillating; climbing; flying in circles; horizontal flight,,visual,7,military-other; government-civilian; military-pilot,Department of War; USAF,2,3,4,unexplained,high,"Two silver disc-like objects observed moving north at 8000 ft, followed by a third object performing tight circles.",38_143685_box7_incident_summaries_1-100; 38_143685_box7_incident_summaries_1-100; 65_hs1-834228961_62-hq-83894_section_3; 65_hs1-834228961_62-hq-83894_serial_130
INC-0075,1947-07-08,day,midday,11:50,"Rogers Dry Lake, California",USA,ovular,,silvery,1,rotation; oscillation; falling,,visual,4,military-pilot; civilian,Department of War,1,1,1,unexplained,high,Rounded silvery object observed descending with rotation or oscillation.,38_143685_box7_incident_summaries_1-100
INC-0076,1947-07-08,day,unknown,,"Roswell, New Mexico",USA,hexagonal,20 feet diameter balloon,,1,suspended,,radar,,military-other,FBI,1,1,1,not-assessed,high,"A flying disc reported recovered near Roswell, New Mexico, described as hexagonal and suspended from a balloon.",65_hs1-834228961_62-hq-83894_section_1
INC-0077,1947-07-09,day,midday,unknown,"Boise, Idaho",USA,round,,black,1,barrel roll; erratic movement; slow roll,,visual; photo,1,military-pilot; civilian,Department of War; US Army Air Forces; USAF,3,3,3,unexplained,high,Round black object observed performing barrel roll.,38_143685_box7_incident_summaries_1-100; 65_hs1-834228961_62-hq-83894_section_2; 65_hs1-834228961_62-hq-83894_serial_130
INC-0078,1947-07-09,day,afternoon,17:15,"Midland, Michigan",USA,ball,bushel basket,,1,burning; puff noise,,visual,2,civilian,FBI,1,1,1,not-assessed,medium,"Raymond and Laura Lane observed a ball of white fire burning near the ground, leaving fused sand.",65_hs1-834228961_62-hq-83894_section_2
INC-0079,1947-07-09,day,night,2330,"Grand Falls, Newfoundland",Canada,round,barrel head,phosphorescent,5,rocking motion; terrific speed,,visual,3,civilian; federal-le,Department of War; Newfoundland Constabulary,2,2,2,unexplained,high,Four round figures observed flying side by side.,38_143685_box7_incident_summaries_1-100; 65_hs1-834228961_62-hq-83894_serial_130
INC-0080,1947-07-09,day,night,,"North Hollywood, California",USA,disc,30 inches in diameter,off-white,1,landed; burst into flames; belching smoke; emitting glare; burst into flame,,visual,unknown,civilian,FBI,1,2,3,explained,high,"Recovery of a metallic, disc-shaped object in North Hollywood, CA, reported to have landed and caught fire.",65_hs1-834228961_62-hq-83894_section_1; 65_hs1-834228961_62-hq-83894_sub_a; 65_hs1-834228961_62-hq-83894_section_1
INC-0081,1947-07-10,day,afternoon,1500,"Harmon Field, Newfoundland",Canada,unknown,size of a C-54,bluish,1,circular path; fast flight; shooting down; horizontal course; cut clouds open,,visual; photo,2,civilian,Department of War; USAF,2,2,4,unexplained,high,Bluish streak observed cutting through clouds.,38_143685_box7_incident_summaries_1-100; 38_143685_box7_incident_summaries_1-100; 38_143685_box7_incident_summaries_1-100; 65_hs1-834228961_62-hq-83894_serial_130
INC-0082,1947-07-11,day,morning,1121,"Elmendorf Field, Alaska",USA,balloon,3 feet,aluminum,1,great speed,,visual,2,military-other,USAF,1,1,1,unexplained,high,Aluminum colored object observed moving at great speed.,65_hs1-834228961_62-hq-83894_serial_130
INC-0083,1947-07-11,day,dusk,0030Z,"Codroy, Newfoundland",Canada,disc / cone,barrel-head / dinner-plate,flame colored,1,high velocity,,visual,3,civilian,USAF,1,1,1,unexplained,high,Disc-shaped object observed at dusk with a cone-shaped trail.,65_hs1-834228961_62-hq-83894_serial_130
INC-0084,1947-07-11,day,unknown,,"Twin Falls, ID",USA,disc,,gold and silver,,planted as hoax,,visual,4,civilian,FBI,1,1,1,not-assessed,high,Four teenagers created a hoax flying saucer from juke box parts.,65_hs1-834228961_62-hq-83894_sub_a
INC-0085,1947-07-12,day,afternoon,1200,"Elmendorf Field, Alaska",USA,balloon,10 feet,grayish,1,following contours,,visual,several,military-other,USAF,1,1,1,unexplained,high,Object observed following contours of mountains.,65_hs1-834228961_62-hq-83894_serial_130
INC-0086,1947-07-15,day,night,,"Seattle, Washington",USA,disc,28 inch,"light gray outside, red inside",1,landed; burning,,visual,1,civilian,FBI,1,1,1,explained,high,"Report of a flying disc landing on a roof in Seattle, WA.",65_hs1-834228961_62-hq-83894_section_1
INC-0087,1947-07-20,day,morning,0945,"Cumberland, Maryland",USA,circular,,silver white,1,high speed,,visual,1,civilian,USAF,1,1,1,unexplained,high,Circular object observed moving at high speed.,65_hs1-834228961_62-hq-83894_serial_130
INC-0088,1947-07-20,day,night,0015,"Sydney, Nova Scotia",Canada,unknown,,silvery to reddish,4-5,flashing; high velocity; abrupt course changes,,visual,5,civilian,Department of War; USAF,2,2,2,unexplained,high,Silvery to reddish flashes observed at equal intervals.,38_143685_box7_incident_summaries_1-100; 65_hs1-834228961_62-hq-83894_serial_130
INC-0089,1947-07-21,day,unknown,,New Mexico,USA,sphere / disc,,silvery,1,horizontal motion,,visual,1,civilian,USAF,1,1,1,unexplained,medium,Silvery sphere or disc observed moving at high velocity.,65_hs1-834228961_62-hq-83894_serial_130
INC-0090,1947-07-23,day,morning,0715,"Harmon Field, Newfoundland",Canada,unknown,,reddish,1,darting; abrupt darts; intermittent flashes,3 minutes,visual,2,civilian; government-civilian; military-pilot,Department of War; USAF,2,2,2,unexplained,high,Reddish light observed darting abruptly.,38_143685_box7_incident_summaries_1-100; 65_hs1-834228961_62-hq-83894_serial_130
INC-0091,1947-07-29,day,midday,1205,"Canyon Ferry, Montana",USA,circular,5 feet diameter,polished nickel,1,hovering; swooping; fluttering; high speed,,visual,3,civilian,Department of War; USAF; FBI,3,2,3,unexplained,high,Polished nickel disc observed hovering and swooping.,38_143685_box7_incident_summaries_1-100; 65_hs1-834228961_62-hq-83894_section_3; 65_hs1-834228961_62-hq-83894_section_3
INC-0092,1947-07-29,day,afternoon,1450,"Hamilton Field, California",USA,circular,15 to 25 feet,white shiny,2,flying; traveling straight and level; guard in an aircraft formation; maneuvering; following,,visual,2,military-pilot,Department of War; US Army Air Forces; USAF,3,3,3,unexplained,high,Two circular objects observed flying fast.,38_143685_box7_incident_summaries_1-100; 65_hs1-834228961_62-hq-83894_section_2; 65_hs1-834228961_62-hq-83894_section_3
INC-0093,1947-08,day,morning,,"Los Angeles, CA",USA,child's top,size of a balloon,silver,,hovering; silent flight; knocked witness to ground,,visual,1,civilian,FBI,1,1,1,unexplained,high,Peter Cameron Jones reported observing a large silver metal object shaped like a child's top in the mountains near Los Angeles.,65_hs1-834228961_62-hq-83894_section_5
INC-0094,1947-08-03,day,afternoon,late afternoon,"Hackensack, New Jersey",USA,disc,30-40 inches,,1,revolving; steady rate; moving rapidly,,visual,2,civilian; military-other,Department of War; FBI,2,2,2,unexplained,high,Flying disc observed revolving.,38_143685_box7_incident_summaries_1-100; 65_hs1-834228961_62-hq-83894_section_2
INC-0095,1947-08-04,day,afternoon,1600,"Boston, Massachusetts",USA,elliptical,length of P-40 fuselage / 15 feet,bright orange,2,flying; traveling at 150-175 mph; banked to obtain better view,30 seconds,visual,2,military-pilot; military-other; civilian,Department of War; FBI,2,2,2,unexplained,high,Elliptical bright orange object observed.,38_143685_box7_incident_summaries_1-100; 65_hs1-834228961_62-hq-83894_serial_130
INC-0096,1947-08-04,day,evening,evening,"Bethel, Alaska",USA,saucer,,black,1,flying,,visual,2,military-pilot,Department of War,1,1,1,unexplained,high,Black saucer-like object observed without motors or wings.,38_143685_box7_incident_summaries_1-100
INC-0097,1947-08-06,day,evening,18:15,"Myrtle Creek, Oregon",USA,spherical,30-50 feet,,1,climbing; traveling at high speed,,visual,2,civilian,FBI,1,1,1,not-assessed,high,Ray Virgil Hatfield and Noble Ellison observed a silver spherical object while in flight.,65_hs1-834228961_62-hq-83894_section_2
INC-0098,1947-08-06,day,night,2230,"Philadelphia, Pennsylvania",USA,unknown,,white,1,fast flight; flaming; hissing sound,,visual,2,civilian; military-other,Department of War; FBI,2,2,3,unexplained,high,Large white object observed traveling fast with buzzing sound.,38_143685_box7_incident_summaries_1-100; 38_143685_box7_incident_summaries_1-100; 65_hs1-834228961_62-hq-83894_section_3
INC-0099,1947-08-07,day,night,00:30,"Agate Beach, Oregon",USA,disc,,bright,1,fluctuating in altitude; high speed,,visual,1,civilian,FBI,1,2,2,not-assessed,medium,John Bartl observed a bright glow of light fluctuating in altitude over the ocean.,65_hs1-834228961_62-hq-83894_section_2; 65_hs1-834228961_62-hq-83894_section_3
INC-0100,1947-08-08,day,night,03:30,"Chicago, Illinois",USA,disc,,,1,,,visual,1,civilian,FBI,1,1,1,not-assessed,low,Mrs. Robert Little reported seeing a disc sailing above Lake Michigan.,65_hs1-834228961_62-hq-83894_section_2
INC-0101,1947-08-10,day,night,2100,"Silver Springs, Ohio",USA,unknown,,bright orange,1,horizontal flight,,visual,1,military-other,Department of War,1,1,1,unexplained,high,Bright orange flame observed moving horizontally.,38_143685_box7_incident_summaries_1-100
INC-0102,1947-08-13,day,morning,,"Redmond, Washington",USA,tapered,,bright,2,high speed; noiseless,,visual,3,civilian,FBI,1,1,1,not-assessed,high,"Sid Decker and L.R. Brummett observed two bright objects over Redmond, Washington.",65_hs1-834228961_62-hq-83894_section_3
INC-0103,1947-08-13,day,midday,unknown,"Snake River Canyon, Idaho",USA,oblong,20 ft long by 10 ft high,sky blue,1,following contours; flying; hovering; fluttering; swooping; skimming,,visual,3,civilian; government-civilian,Department of War; FBI,2,3,5,unexplained,high,Sky-blue oblong object observed following ground contours.,38_143685_box7_incident_summaries_1-100; 38_143685_box7_incident_summaries_1-100; 65_hs1-834228961_62-hq-83894_section_3; 65_hs1-834228961_62-hq-83894_serial_130; 65_hs1-834228961_62-hq-83894_section_3
INC-0104,1947-08-13,day,midday,1300,fishing camp,USA,"20 feet in diameter, 10 feet thick",20 feet diameter,sky blue,1,hedge hopping; flames shooting out,few seconds,,3,civilian,USAF,1,1,1,unexplained,high,Farmer and sons observed a sky blue object hedge hopping.,pursue-r3--cia-uap-015
INC-0105,1947-08-14,day,morning,,"Harmon Field, Guam",Guam,crescent,,,,zig-zag course,,visual,3,military-other,USAF,1,1,1,not-assessed,medium,"Three enlisted men observed two crescent-shaped objects traveling at high speed over Harmon Field, Guam.",65_hs1-834228961_62-hq-83894_section_3
INC-0106,1947-08-14,day,afternoon,1600,"Placerville, California",USA,rectangular/rocket,4-6 feet long,polished chromium,1,shallow dive,,visual,2,civilian,Department of War; USAF,2,2,2,unexplained,high,Metallic rocket-shaped object observed in shallow dive.,38_143685_box7_incident_summaries_1-100; 65_hs1-834228961_62-hq-83894_section_3
INC-0107,1947-08-19,day,night,2130,"Twin Falls, Idaho",USA,unknown,,glow,35-50,triangular formation; peeled off; rapid movement,,visual,6,civilian; federal-le,Department of War; FBI,2,2,2,unexplained,high,Multiple triangular formations of glowing objects observed.,38_143685_box7_incident_summaries_1-100; 65_hs1-834228961_62-hq-83894_section_2
INC-0108,1947-09,month,unknown,,Alaska,USA,,,,,,,,,unknown,USAF,1,1,1,not-assessed,low,Flying disc incident reported in Alaska.,18_100754_general_1946-7_vol_2
INC-0109,1947-09-03,day,midday,1215,"Oswego, Oregon",USA,round,,silver,12-15,flying; rotate rapidly; floated slowly downward,,visual,1,civilian,Department of War; FBI,2,2,2,unexplained,high,Twelve to fifteen round silver objects observed at high altitude.,38_143685_box7_incident_summaries_1-100; 65_hs1-834228961_62-hq-83894_section_2
INC-0110,1947-09-05,day,unknown,,Japan,Japan,,,,,,,radar,,military-other,USAF,1,1,1,not-assessed,medium,Alleged flying saucer flight sighting by a radar station in Japan.,18_100754_general_1946-7_vol_2
INC-0111,1947-09-06,day,unknown,,"Shouns, Tennessee",USA,football,,,1,turning end over end,approximately five minutes,visual,2,civilian,FBI,1,1,1,partially-explained,medium,Mrs. G. H. Stockton and Hugh Jennings observed a football-shaped object turning end over end.,65_hs1-834228961_62-hq-83894_section_2
INC-0112,1947-09-08,day,night,2230,"Logan, Utah",USA,unknown,,white,12,circling; clockwise flight; high speed,,visual,4,civilian,Department of War; FBI,2,2,3,unexplained,high,Group of white illuminated objects observed circling city.,38_143685_box7_incident_summaries_1-100; 38_143685_box7_incident_summaries_1-100; 65_hs1-834228961_62-hq-83894_section_3
INC-0113,1947-09-11,day,afternoon,5:15 PM,"Portland, Oregon",USA,similar to weather balloon,,bright metal,1,traveling rapidly; veered to south; steady flight; wide turn,approximately one minute,visual,2,federal-le,FBI,1,2,2,not-assessed,high,Chief of Police Leon V. Jenkins observed a bright metallic object similar to a weather balloon.,65_hs1-834228961_62-hq-83894_section_2; 65_hs1-834228961_62-hq-83894_section_4
INC-0114,1947-09-12,day,night,0558,Necker Island,USA,unknown,,white,1,veering,,visual,2,military-pilot,Department of War,1,1,1,unexplained,high,Intense white light observed veering and splitting into two.,38_143685_box7_incident_summaries_1-100
INC-0115,1947-09-17,day,afternoon,,"Rix Ledges, north of Lebanon, N.H.",USA,ball and saucer,tennis ball,white,2,approached rapidly; noiseless; followed at constant distance,more than a minute,visual,1,government-civilian,FBI,1,1,1,not-assessed,high,"A. Courtney Parker observed two objects, one ball-shaped and one saucer-shaped, flying noiselessly from the east.",65_hs1-834228961_62-hq-83894_section_2
INC-0116,1947-09-17,day,unknown,unknown,"Fort Richardson, Alaska",USA,spherical,,metallic silver,1,traveling against wind,,visual,2,military-other,Department of War,1,1,1,unexplained,high,Metallic spherical object observed traveling against the wind.,38_143685_box7_incident_summaries_1-100
INC-0117,1947-09-17,day,unknown,,"South Royalton, Vermont",USA,,,,,,,visual,1,civilian,FBI,1,1,1,not-assessed,medium,"A witness in South Royalton, Vermont, reported seeing flying discs.",65_hs1-834228961_62-hq-83894_section_4
INC-0118,1947-10,month,unknown,unknown,"San Francisco, Calif",USA,unknown,unknown,unknown,1,unknown,unknown,visual,1,civilian,Department of War,1,1,1,not-assessed,low,Observer reports mysterious light and physical sensation in Golden Gate Park.,38_143685_box7_incident_summaries_173-233
INC-0119,1947-10-08,day,unknown,unknown,"Las Vegas, Nevada",USA,unknown,,white,1,straight flight,,visual,1,military-pilot,Department of War,1,1,1,unexplained,high,White trail observed at high speed.,38_143685_box7_incident_summaries_1-100
INC-0120,1947-10-14,day,midday,1200,"Phoenix, Arizona",USA,flying wing,,red/black,1,straight flight,,visual,2,civilian,Department of War,1,1,1,unexplained,high,Flying wing-shaped object observed moving in straight line.,38_143685_box7_incident_summaries_1-100
INC-0121,1947-10-20,day,afternoon,1320,"Dayton, Ohio",USA,cigar,,reflected light,2,straight course,,visual,2,civilian,Department of War,1,1,2,unexplained,high,Two cigar-shaped craft observed flying in straight course.,38_143685_box7_incident_summaries_1-100; 38_143685_box7_incident_summaries_1-100
INC-0122,1947-11-02,day,dawn,dawn,"Houston, Texas",USA,round,,fire,1,spinning,,visual,2,government-civilian,Department of War,1,1,1,unexplained,high,Round ball of fire observed spinning.,38_143685_box7_incident_summaries_1-100
INC-0123,1947-11-12,day,morning,early,"Cape Blanco, Oregon",USA,ball,,,2,arc flight,,visual,2,civilian,Department of War,1,1,1,unexplained,high,Two discs trailing fire observed moving in an arc.,38_143685_box7_incident_summaries_1-100
INC-0124,1947-12-12,day,night,2205,"Oslo, Norway",Norway,,,luminous white,1,performed arc of circle,,visual,1,unknown,Department of War,1,1,1,not-assessed,medium,Daughter of Col Rasmussen observed a luminous white object with a greenish-yellow tail performing an arc.,38_143685_box7_incident_summaries_101-172
INC-0125,1947-12-30,day,night,1926,Nevada,USA,unknown,,green and blue,1,descending; flying; exploding; flashing,,visual,2,military-pilot; military-other; civilian,Department of War,1,1,4,unexplained,high,Object trailing green and blue flames observed descending.,38_143685_box7_incident_summaries_1-100; 38_143685_box7_incident_summaries_1-100; 38_143685_box7_incident_summaries_1-100; 38_143685_box7_incident_summaries_1-100
INC-0126,1948,year,unknown,,edge of a lake,Sweden,flying saucer,,,,crashed; landed,,visual,,scientist,USAFE,1,1,1,unexplained,medium,"A flying saucer observed by a Swedish technical expert near a lake, resulting in a crater on the lake floor.",341_110448_records_relating_to_the_collection_and_dissemination_of_intelligence_1948-1955-ts_cont_no.2_2-5300-2-5399
INC-0127,1948-01-01,day,night,0125,"Abilene, Texas",USA,bell,,bright blue green,1,stationary,2 seconds,visual,1,civilian,Department of War,1,1,1,not-assessed,medium,A fan-shaped glow originating from a bell-shaped object was observed.,38_143685_box7_incident_summaries_173-233
INC-0128,1948-01-03,day,unknown,unknown,"Vaasa, Finland",Finland,unknown,,shining,1,flying,,visual,0,unknown,Department of War,1,1,1,unexplained,high,Brightly shining object with long tail observed.,38_143685_box7_incident_summaries_1-100
INC-0129,1948-01-05,day,unknown,unknown,"Pietarsaari, Finland",Finland,unknown,,shining,1,ejecting flames,,visual,0,unknown,Department of War,1,1,1,unexplained,high,Shining object observed ejecting flames.,38_143685_box7_incident_summaries_1-100
INC-0130,1948-01-07,day,afternoon,1345,"Godman Field, Fort Knox, Ky",USA,circular,,silvery,1,climbing; pursued,,visual,10,military-pilot; military-other,Department of War,1,1,1,unexplained,high,Large circular metallic object observed being pursued by P-51 aircraft.,38_143685_box7_incident_summaries_1-100
INC-0131,1948-01-07,day,night,1925,"Lockbourne Army Air Base, Columbus, Ohio",USA,oval,,white to orange,1,hovering; descending; stationary; bursts of speed,,visual,4,military-pilot; military-other,Department of War,1,1,3,unexplained,high,Bright white light observed hovering and descending.,38_143685_box7_incident_summaries_1-100; 38_143685_box7_incident_summaries_1-100; 38_143685_box7_incident_summaries_1-100
INC-0132,1948-01-09,day,night,2300,"Danville, Kentucky",USA,pencil,,,1,exploding,,visual,2,civilian,Department of War,1,1,1,unexplained,high,Pencil-like object observed leaving smoke trail and exploding.,38_143685_box7_incident_summaries_1-100
INC-0133,1948-01-09,day,night,,"Cartersville, Georgia",USA,circular,,blue,,sputtered,,visual,2,civilian,USAF,1,1,1,not-assessed,high,Pilot observed blue flame object resembling a buzz bomb.,38_143685_box7_incident_summaries_101-172
INC-0134,1948-01-10,day,night,2200,"Wildwood, New Jersey",USA,ovular,,yellow/red/amber,1,falling,,visual,2,civilian,Department of War,1,1,1,unexplained,high,Ovular object split into two pieces and fell into the sea.,38_143685_box7_incident_summaries_1-100
INC-0135,1948-01-11,day,unknown,1630,"Hartford, Connecticut",USA,disc,,"bluish center, red edges",1,dropping,,visual,2,military-pilot,Department of War,1,1,1,unexplained,high,Bluish-centered disc observed dropping.,38_143685_box7_incident_summaries_1-100
INC-0136,1948-01-19,day,morning,0730,"North Jutland, Denmark",Denmark,ball,,green tail,3,exploded,,visual,,unknown,Department of War,1,1,1,not-assessed,low,Reports of three rocket-like objects with green tails that exploded.,38_143685_box7_incident_summaries_101-172
INC-0137,1948-02-07,day,unknown,,"Vejle, Denmark",Denmark,,,shining,,high speed,,visual,3,civilian,USAF,1,1,1,not-assessed,medium,Shining object observed moving at high speed.,38_143685_box7_incident_summaries_101-172
INC-0138,1948-02-18,day,afternoon,,"Norcatur, Kansas",USA,mushroom,,bluish-white,,disintegration; explosion; exploded; disintegrated,,visual; photo,multiple,civilian,Department of War,1,2,2,explained,high,"Meteorite explosion over Norcatur, Kansas, with reports of a mushroom-shaped cloud and debris.",38_143685_box7_incident_summaries_101-172; pursue-r3--dow-uap-d088
INC-0139,1948-02-18,day,afternoon,,"Green River, Utah",USA,ball,huge,multi-colored,,explosion rate; traveling at very high speed,,visual,4,military-pilot; military-other,USAF,1,2,2,not-assessed,high,"B-29 crews observed a multi-colored ball of fire with a smoke trail near Green River, Utah.",38_143685_box7_incident_summaries_101-172; pursue-r3--dow-uap-d088
INC-0140,1948-02-18,day,night,,"Moose Factory, Canada",Canada,ball,,blue,,exploded,,visual,multiple,civilian,Department of War,1,1,1,not-assessed,high,"Ball of blue flame exploded over Moose Factory, Canada.",pursue-r3--dow-uap-d088
INC-0141,1948-02-20,day,morning,,"Asuncion, Paraguay",Paraguay,oval,,"green, yellow, orange",,,,visual,multiple,civilian,USAF,1,1,1,not-assessed,medium,Oval object with colored wake observed.,38_143685_box7_incident_summaries_101-172
INC-0142,1948-02-20,day,night,2130,"Norway, Denmark, Sweden",Norway,,,,,,,visual,,unknown,Department of War,1,1,1,not-assessed,low,Multiple sightings of fiery objects with green tails appearing around 2130 hours.,38_143685_box7_incident_summaries_101-172
INC-0143,1948-03,month,morning,0930,Swedish Coast,Norway,,,bluish-green flame,1,,,visual,2,military-pilot,Department of War,1,1,1,not-assessed,medium,Norwegian pilot observed a projectile with a bluish-green flame.,38_143685_box7_incident_summaries_101-172
INC-0144,1948-03-05,day,afternoon,,"Bakersfield, California",USA,falling aircraft,,red and black smoke,2,falling to earth; smoke and debris trailing; falling; burning,,visual,1,civilian,USAF,1,3,3,not-assessed,high,Observation of two objects falling to earth described as similar to falling aircraft with smoke and debris trailing.,18_6369445_general_1948_vol_1; pursue-r3--dow-uap-d088; 38_143685_box7_incident_summaries_101-172
INC-0145,1948-03-07,day,evening,,"Smyrna, Tennessee",USA,oval,,yellow-orange,,faded away,,visual,3,military-other,USAF,1,2,2,not-assessed,high,Yellow-orange oval object observed near Smyrna AAF for 45 minutes.,38_143685_box7_incident_summaries_101-172; pursue-r3--dow-uap-d088
INC-0146,1948-03-08,day,morning,,"Belmont, North Carolina",USA,round or sphere,,bright or silver,,straight line; moved in straight line at constant speed,,visual,3,civilian,USAF; Department of War,2,2,2,not-assessed,high,"Metallic-appearing object observed moving rapidly near Belmont, North Carolina.",38_143685_box7_incident_summaries_101-172; pursue-r3--dow-uap-d088
INC-0147,1948-03-08,day,unknown,,"Bakersfield, California",USA,,,,2,falling to earth; on fire; smoke trailing,,visual,1,civilian,USAF,1,1,1,not-assessed,high,"Observation of two objects falling to earth, one appearing to be on fire with red and black smoke trailing.",18_6369445_general_1948_vol_1
INC-0148,1948-03-11,day,night,,"Moose Factory, Canada",Canada,ball,football,blue,,exploded,,visual,multiple,civilian,USAF,1,1,1,not-assessed,medium,Blue flame ball exploded near Moose Factory.,38_143685_box7_incident_summaries_101-172
INC-0149,1948-03-13,day,afternoon,,"Benkelman, Nebraska",USA,,,,,steady flight; high speed,,visual,2,civilian,FBI,1,1,1,not-assessed,medium,Witness observed a high-altitude object leaving a vapor trail that did not change shape or direction.,65_hs1-834228961_62-hq-83894_section_4
INC-0150,1948-03-23,day,night,,"Hamilton, Baltimore, Maryland",USA,,,,,peculiar sounding noises,,other,2,civilian,FBI,1,2,2,not-assessed,medium,"Unidentified aerial sounds heard in Baltimore, Maryland.",pursue-r3--dow-uap-d088; 38_143685_box7_incident_summaries_101-172
INC-0151,1948-03-26,day,unknown,,"Berlin, Germany",Germany,unknown,,white,,moving,,visual,2,civilian,Department of War,1,1,1,not-assessed,high,"White point observed over Berlin, Germany.",pursue-r3--dow-uap-d088
INC-0152,1948-03-28,day,unknown,,"Berlin, Germany",Germany,,,white,,,,visual,2,civilian,USAF,1,1,1,not-assessed,medium,White point observed moving fast at high altitude.,38_143685_box7_incident_summaries_101-172
INC-0153,1948-04-01,day,morning,,Philippines,Philippines,half moon,,silver,,accelerated rapidly,,visual,1,military-pilot,USAF,1,1,1,partially-explained,high,P-47 pilot sights unidentified flying wing object in the Philippines.,pursue-r3--dow-uap-d088
INC-0154,1948-04-01,day,unknown,,unknown,unknown,half moon,30 feet span,silver,,accelerated rapidly,,visual,1,military-pilot,USAF,1,1,1,not-assessed,high,Pilot observed a silver flying wing object that accelerated rapidly.,38_143685_box7_incident_summaries_101-172
INC-0155,1948-04-05,day,unknown,,Holloman Air Force Base,USA,rounded,large,grey-white,,erratic,,visual,multiple,civilian,USAF,1,1,1,not-assessed,high,Rounded object observed performing erratic maneuvers.,38_143685_box7_incident_summaries_101-172
INC-0156,1948-04-08,day,afternoon,,"Ashley and Delaware, Ohio",USA,cylindrical,,silver/white,,drifting,,visual,multiple,civilian,USAF,1,1,1,not-assessed,high,Multiple witnesses observed a slow-moving silver/white cylindrical object.,38_143685_box7_incident_summaries_101-172
INC-0157,1948-04-09,day,afternoon,,"Montgomery, Alabama",USA,disc,8 feet diameter,silver,,horizontal flight; flying away,,visual,1,military-pilot,USAF,1,2,2,not-assessed,high,Pilot observed a silver disc-like object with a canister attached.,38_143685_box7_incident_summaries_101-172; pursue-r3--dow-uap-d088
INC-0158,1948-04-09,day,afternoon,,"Ashley, Ohio",USA,oblong,,silver,,slow-moving; drifting,,visual,2,civilian,Department of War,1,1,2,not-assessed,high,"Silver oblong object observed in Ashley, Ohio.",pursue-r3--dow-uap-d088; pursue-r3--dow-uap-d088
INC-0159,1948-04-11,day,morning,,"Alton, Illinois",USA,fowl,bigger than an airplane,,,flapped its wings,,visual,1,civilian,USAF,1,1,1,not-assessed,medium,Huge fowl-like creature observed.,38_143685_box7_incident_summaries_101-172
INC-0160,1948-04-18,day,unknown,,"Fairbanks, Alaska",USA,round and flat,8 inches,silvery,,oscillated,,visual,1,military-pilot,USAF,1,2,2,not-assessed,high,Silvery round object observed oscillating near Fairbanks.,38_143685_box7_incident_summaries_101-172; pursue-r3--dow-uap-d088
INC-0161,1948-04-18,day,unknown,,North Atlantic,unknown,,,,,,,radar,unknown,,USAF,1,1,1,not-assessed,high,Radar track of unidentified target.,38_143685_box7_incident_summaries_101-172
INC-0162,1948-04-19,day,afternoon,,"Greenville, South Carolina",USA,elliptical,,white,,hovering; accelerating; accelerating and climbing,,visual,2,military-pilot,USAF,1,2,2,not-assessed,high,Elliptical objects observed hovering then accelerating rapidly.,38_143685_box7_incident_summaries_101-172; pursue-r3--dow-uap-d088
INC-0163,1948-04-30,day,morning,,"Anacostia, Naval Air Station",USA,sphere,25-40 ft diameter,yellow,,,,visual,1,military-pilot,USAF,1,1,1,not-assessed,high,Yellow spherical object observed by pilot.,38_143685_box7_incident_summaries_101-172
INC-0164,1948-05,month,afternoon,,Cascade Mountains,United States,,"10,000 feet altitude",,,converging; explosion effect,10 minutes or longer,visual,1,civilian,FBI,1,1,1,not-assessed,high,Rev. Charles Barnes observed four beams of light converging in the Cascade Mountains with a visible explosion effect at the convergence point.,pursue-r3--fbi-uap-d011
INC-0165,1948-05-02,day,night,,"St. Louis, Missouri",USA,bird,,phosphorescent,,,,visual,,,USAF,1,1,1,not-assessed,low,Phosphorescent bird-like object.,38_143685_box7_incident_summaries_101-172
INC-0166,1948-05-05,day,unknown,,"Adapazari, Turkey",Turkey,,,shining,1,exploded,,visual,,unknown,Department of War,1,1,1,not-assessed,low,"Reports of shining objects like meteors, one of which exploded.",38_143685_box7_incident_summaries_101-172
INC-0167,1948-05-06,day,morning,0905,Kwajalein Island,Marshall Islands,ball,,white,1,exploded,,visual,1,military-pilot,USAF,1,1,1,not-assessed,high,Capt Floyd Barnes observed a white ball of fire that exploded.,38_143685_box7_incident_summaries_101-172
INC-0168,1948-05-07,day,afternoon,,"Memphis, Tennessee",USA,unknown,,shiny aluminum,,zig-zagged,,visual,multiple,civilian,USAF; Department of War,2,2,2,not-assessed,high,Fifty to 60 shiny objects observed moving at high speed.,38_143685_box7_incident_summaries_101-172; pursue-r3--dow-uap-d088
INC-0169,1948-05-07,day,unknown,,Lake Doiran,Yugoslavia/Greece border,flying disc,,,,,,visual,multiple,civilian,USAF,1,1,1,not-assessed,medium,Flying disc observed making noise like an artillery shell.,38_143685_box7_incident_summaries_101-172
INC-0170,1948-05-08,day,night,,"Hobson, Ohio",USA,round,9 inches,phosphorescent,1,high speed; phosphorescent trail; disintegrate,,visual,4,civilian,USAF,1,2,2,not-assessed,high,"Four witnesses observed a round, phosphorescent object moving at high speed with a phosphorescent trail at an altitude of 6-8 miles.",18_6369445_general_1948_vol_1; 38_143685_box7_incident_summaries_101-172
INC-0171,1948-05-17,day,night,,"Plevna, Montana",USA,ball,,white,,arc,,visual,1,civilian,USAF,1,1,1,not-assessed,high,Bright white ball observed performing maneuvers.,38_143685_box7_incident_summaries_101-172
INC-0172,1948-05-28,day,afternoon,1500,"Monroe, Michigan",USA,disc,300-400 ft,silvery-gold,5,abrupt turns; maintained nose-up attitude; pursued straight course,,visual,1,military-other,USAF,1,1,2,not-assessed,high,Lt Kokolonis observed five disc-shaped objects flying in a stepped-up line formation.,38_143685_box7_incident_summaries_101-172; 38_143685_box7_incident_summaries_101-172
INC-0173,1948-05-31,day,afternoon,,"Wilmington, North Carolina",USA,oblong,,,,emitted smoke,,visual,3,civilian,USAF,1,1,1,not-assessed,high,Oblong object emitting smoke observed.,38_143685_box7_incident_summaries_101-172
INC-0174,1948-06-20,day,night,2230,"Belleville, Illinois",USA,round,6-8 inches,white,1,zigzag course,,visual,1,military-pilot,USAF,1,1,1,not-assessed,high,"Lt Col Wm T. Hull observed a round, white light moving in a zigzag course at approximately 500 MPH.",38_143685_box7_incident_summaries_101-172
INC-0175,1948-06-29,day,night,2300,"Uniontown, Pennsylvania",USA,oval,,luminous,3,spinning vertically,,visual,3,civilian; federal-le,USAF,1,1,1,not-assessed,medium,"Mrs. McDonald observed three luminous, oval-shaped objects.",38_143685_box7_incident_summaries_101-172
INC-0176,1948-06-30,day,morning,1125,"Hecla, South Dakota",USA,changing,,polished aluminum,1,disintegrated; formed triangle,,visual,1,civilian,USAF,1,1,1,not-assessed,high,Norman Pfutzenreuter observed a cluster of parts that disintegrated into a triangle formation.,38_143685_box7_incident_summaries_101-172
INC-0177,1948-06-30,day,night,2140,"Knoxville, Tennessee",USA,ball,,orange,1,,,visual,3,civilian; military-other,USAF,1,1,1,not-assessed,medium,Mrs. Whitehouse and others observed an orange ball of fire with a bluish streamer.,38_143685_box7_incident_summaries_101-172
INC-0178,1948-07,month,unknown,,"Montgomery, Alabama",United States,rocket ship,,,,appeared out of a thunderhead; disappeared in another cloud; traveling at 2700 mph,,visual,3,civilian,FBI,1,1,1,not-assessed,medium,"Eastern Airlines pilot and co-pilot observed an unconventional, wingless, rocket-shaped object with windows over Montgomery, Alabama.",65_hs1-834228961_62-hq-83894_section_4
INC-0179,1948-07-01,day,night,2100,"Gahanna, Ohio",USA,,,bright yellow-white,1,flat line of flight,,visual,6,civilian; military-other,USAF,1,1,1,not-assessed,medium,Multiple witnesses observed a bright yellow-white light moving at a terrific rate of speed.,38_143685_box7_incident_summaries_101-172
INC-0180,1948-07-04,day,night,2315,"Dravasburg, Pennsylvania",USA,star,,,1,stopped three times,,visual,2,civilian,USAF,1,1,1,not-assessed,medium,John Jannicky observed a star-like object that stopped and started.,38_143685_box7_incident_summaries_101-172
INC-0181,1948-07-07,day,night,2114,"Chapel Hill, North Carolina",USA,cigar,3.5 inches (perspective),,3,moved generally North,,visual,2,civilian; military-other,USAF,1,1,1,not-assessed,medium,Mathematics instructor observed three cigar-shaped objects moving generally North.,38_143685_box7_incident_summaries_101-172
INC-0182,1948-07-08,day,morning,0920,"Columbus, Ohio",USA,cigar,,silver,2,bobbed up and down,,visual,1,civilian,USAF,1,1,1,not-assessed,medium,"Mrs. Wilda Zittak observed two silver, cigar-shaped objects bobbing in the air.",38_143685_box7_incident_summaries_101-172
INC-0183,1948-07-08,day,unknown,,"McKeesport, Pennsylvania",USA,plate,12-15 inches,silver,1,,,visual,2,civilian,USAF,1,1,1,not-assessed,medium,"Two women observed a silver, plate-like object.",38_143685_box7_incident_summaries_101-172
INC-0184,1948-07-09,day,midday,1205,"Fielding Lake, Alaska",USA,spheroid,,grayish black,20,jockeyed back and forth,,visual,2,military-other,USAF,1,1,1,not-assessed,high,Two observers saw approximately 20 spheroid objects in a shotgun blast pattern.,38_143685_box7_incident_summaries_101-172
INC-0185,1948-07-09,day,night,2147,"Osborn, Ohio",USA,,,pale yellowish-white,1,intermittent appearances,,visual,1,military-pilot,USAF,1,1,1,not-assessed,high,Lt. Glasebrook observed a pale yellowish-white light appearing intermittently.,38_143685_box7_incident_summaries_101-172
INC-0186,1948-07-17,day,afternoon,1650,"San Acacia Dam, New Mexico",USA,circular,,aluminum,7,formation varied from V to L to O,,visual,2,military-other,USAF,1,1,1,not-assessed,high,Two sergeants observed seven circular objects in varying formations.,38_143685_box7_incident_summaries_101-172
INC-0187,1948-07-20,day,afternoon,1330,"Arnhem, The Hague",Netherlands,aircraft,,,1,,,visual,1,civilian,Department of War,1,1,1,not-assessed,medium,A. D. Otter observed a wingless aircraft with two decks.,38_143685_box7_incident_summaries_101-172
INC-0188,1948-07-22,day,evening,1900,"Van Nuys, California",USA,spherical,,bluish luminescence,1,traveled a vertical arc,,visual,2,military-other; civilian,USAF,1,1,1,not-assessed,medium,Capt Henry Glover observed a spherical object with bluish luminescence.,38_143685_box7_incident_summaries_101-172
INC-0189,1948-07-24,day,night,0245,"Montgomery, Alabama",USA,cigar,100 ft,black,1,pulled up sharply; streaking; spurting flame; steep climb,10 seconds,visual,3,military-pilot; civilian,USAF; FBI,2,3,3,partially-explained,high,Airline pilots observed a cigar-shaped object with a red-orange flame and blue glow.,38_143685_box7_incident_summaries_101-172; 65_hs1-834228961_62-hq-83894_section_4; pursue-r3--cia-uap-015
INC-0190,1948-07-24,day,night,0230,"Blackstone, Virginia",USA,,,,1,terrific speed; traveling horizontally,,visual,1,military-pilot,USAF,1,1,2,not-assessed,medium,Pilot observed a jet or rocket trail at terrific speed.,38_143685_box7_incident_summaries_101-172; 38_143685_box7_incident_summaries_101-172
INC-0191,1948-07-26,day,night,2100,"Chamblee, Georgia",USA,,,blue-white,1,gaining altitude,,visual,7,military-other; civilian,USAF,1,1,1,not-assessed,medium,Doyle Avery observed a blue-white light gaining altitude.,38_143685_box7_incident_summaries_101-172
INC-0192,1948-07-26,day,night,,"Atlanta, Georgia",United States,ball,,red,,banked; rolled; breathed fire,,visual,,civilian,FBI,1,1,1,not-assessed,medium,"Multiple sightings of a 'flying floor lamp' or 'red ball of fire' reported over Atlanta, Georgia.",65_hs1-834228961_62-hq-83894_section_4
INC-0193,1948-07-27,day,night,2200,"Springfield, Ohio",USA,round,,red tail,1,,,visual,1,civilian,USAF,1,1,1,not-assessed,medium,Mrs. Gibson observed a huge ball with a bright red tail.,38_143685_box7_incident_summaries_101-172
INC-0194,1948-07-28,day,night,0400,"Springfield, Ohio",USA,round,,intense yellow,1,hovering,,visual,1,civilian,USAF,1,1,1,not-assessed,medium,"Mrs. Rose Henry observed an intense yellow, round object hovering.",38_143685_box7_incident_summaries_101-172
INC-0195,1948-07-29,day,morning,0955,"Indianapolis, Indiana",USA,propeller,6-8 ft,aluminum,1,gliding; glide; turn,a few seconds,visual,2,civilian,USAF,1,2,2,unexplained,high,"Two employees observed a shiny, aluminum, propeller-shaped object.",38_143685_box7_incident_summaries_101-172; pursue-r3--cia-uap-015
INC-0196,1948-07-30,day,evening,2015,"Worthington, Ohio",USA,cylindrical,,silver,1,,,visual,2,civilian,USAF,1,1,1,not-assessed,medium,"John Felton observed a silver, cylindrical object.",38_143685_box7_incident_summaries_101-172
INC-0197,1948-07-31,day,morning,0825,"Indianapolis, Indiana",USA,cymbal,20 ft,white,1,straight and level flight,10 seconds,visual,2,civilian,USAF,1,2,2,unexplained,high,"Mr. and Mrs. Swigert observed a white, cymbal-shaped object.",38_143685_box7_incident_summaries_101-172; pursue-r3--cia-uap-015
INC-0198,1948-07-31,day,evening,2000,"Columbus, Ohio",USA,round,2x3.5 ft,white,1,hovering; spouted black smoke,,visual,1,civilian,USAF,1,1,3,not-assessed,high,Teletype operator retrieved a crepe paper balloon.,38_143685_box7_incident_summaries_101-172; 38_143685_box7_incident_summaries_101-172; 38_143685_box7_incident_summaries_101-172
INC-0199,1948-08,month,night,2130,"Weaver, South Dakota",USA,elliptical,100+ ft,yellowish-white,12,tight diamond-shaped formation,,visual,1,military-other,USAF,1,1,1,not-assessed,high,Maj Hammer observed approximately 12 yellowish-white elliptical objects in a tight diamond formation.,38_143685_box7_incident_summaries_101-172
INC-0200,1948-08-02,day,evening,1945,"Columbus, Ohio",USA,changing,20-30 ft,grey-black,1,changed position; changed shape,,visual,1,civilian,USAF,1,1,2,not-assessed,high,Attorney observed a round object changing shape from parallelogram to circular.,38_143685_box7_incident_summaries_101-172; 38_143685_box7_incident_summaries_101-172
INC-0201,1948-08-03,day,evening,,"Moscow, Russia",Russia,long and narrow,,,1,,,visual,2,civilian,Department of War,1,1,1,not-assessed,medium,"Newspaper reporter observed a long, narrow object at high altitude.",38_143685_box7_incident_summaries_101-172
INC-0202,1948-08-04,day,night,0200-0300,"North Powder, Oregon",USA,fireball,,light green,1,horizontal flight; arching,,visual,1,civilian,Department of War,1,1,1,not-assessed,high,A green fireball with a fluorescent glow was observed arching earthward.,38_143685_box7_incident_summaries_173-233
INC-0203,1948-08-05,day,night,0100,"Parrott, Georgia",USA,streak,,blue-white,1,,,visual,1,military-pilot,USAF,1,1,1,not-assessed,high,Former AF pilot observed a blue-white streak of light with a trail of sparks.,38_143685_box7_incident_summaries_101-172
INC-0204,1948-08-11,day,midday,1200,"Hamel, Minnesota",USA,round,2 ft,dull gray,1,spun; shot straight up,,visual,2,civilian,USAF,1,1,1,not-assessed,high,"Two children observed a dull gray, round object land in their yard.",38_143685_box7_incident_summaries_101-172
INC-0205,1948-08-19,day,morning,1050,"Godman AF Base, Ky",USA,spherical,unknown,bright silver,1,stationary,2 hours,visual,1,military-other,Department of War,1,1,1,explained,high,Spherical silver object identified as Venus.,38_143685_box7_incident_summaries_173-233
INC-0206,1948-08-29,day,morning,0530,"Maplewood, Ohio",USA,sphere,,silver,1,disintegrated in mid-air; twisted and turned,,visual,1,civilian,USAF,1,1,2,not-assessed,high,Faby Niswonger observed a silver sphere that disintegrated.,38_143685_box7_incident_summaries_101-172; 38_143685_box7_incident_summaries_101-172
INC-0207,1948-08-30,day,night,2000,"Los Angeles, California",USA,rocket,,silver,1,,,visual,1,military-other,USAF,1,1,1,not-assessed,high,"S/Sgt Estes observed a silver, rocket-shaped object.",38_143685_box7_incident_summaries_101-172
INC-0208,1948-09-05,day,afternoon,1402Z,5155N/0355E,Netherlands,single jet propelled A/C,"30,000 feet altitude",,,cruising; leaving smoke trails; leaving condensation trails; sudden acceleration; climb,,visual,three crews,military-pilot,USAFE,1,1,1,unexplained,high,Unidentified aircraft sighted by three crews of the 307th Bomb Group off the west coast of Holland.,341_110448_records_relating_to_the_collection_and_dissemination_of_intelligence_1948-1955-ts_cont_no.2_2-5300-2-5399
INC-0209,1948-09-05,day,afternoon,1500,"Kentwood, La",USA,unknown,unknown,unknown,0,unknown,unknown,visual,2,civilian,Department of War,1,1,1,not-assessed,low,"Unusual sound reported, object not seen.",38_143685_box7_incident_summaries_173-233
INC-0210,1948-09-22,day,afternoon,1530,"Albany, Ga",USA,unknown,5 to 10 ft,metallic and shiny,1,level flight,3 seconds,visual,1,military-pilot,Department of War,1,1,1,not-assessed,medium,Metallic shiny object observed from C-47.,38_143685_box7_incident_summaries_173-233
INC-0211,1948-09-23,day,morning,0945,"Santa Fe, New Mexico",USA,circular,100 to 150 feet,white,1,stationary; straight course,15-20 minutes,visual,2,civilian,Department of War,1,1,2,not-assessed,high,Stationary white circular object observed in daylight.,38_143685_box7_incident_summaries_173-233; 38_143685_box7_incident_summaries_173-233
INC-0212,1948-09-23,day,midday,1200,"San Pablo, Calif",USA,undulating,size of a 4-engine bomber,dirty gray,1,undulating; oscillating; horizontal flight,unknown,visual,2,military-other; civilian,Department of War,1,1,2,not-assessed,high,Undulating amoeba-like object observed above an Army bomber.,38_143685_box7_incident_summaries_173-233; 38_143685_box7_incident_summaries_173-233
INC-0213,1948-09-26,day,afternoon,1700,"Shreveport, La",USA,unknown,12 feet in diameter,Aluminum,1,drifting,10-15 seconds,visual,1,civilian,Department of War,1,1,1,not-assessed,high,"Object sighted 5 miles SW of Shreveport, La, drifting south at 20,000 feet.",38_143685_box7_incident_summaries_173-233
INC-0214,1948-10,month,midday,1200,"Neubiberg, Germany",Germany,round,unknown,black,1,unknown,2 minutes,visual,1,military-other,Department of War,1,1,1,not-assessed,medium,Black round object observed on southwest course.,38_143685_box7_incident_summaries_173-233
INC-0215,1948-10,month,unknown,,Neubiberg Air Base,Germany,flying saucer,,,,hovering,thirty minutes,visual,,unknown,USAFE,1,1,1,unexplained,medium,A flying saucer was observed hovering over Neubiberg Air Base.,341_110448_records_relating_to_the_collection_and_dissemination_of_intelligence_1948-1955-ts_cont_no.2_2-5300-2-5399
INC-0216,1948-10-01,day,morning,0540,"Ascension Parish, La",USA,cone-shaped,length of a passenger aircraft,white-hot,1,straight and level flight,10 seconds,visual,1,civilian,Department of War,1,1,1,not-assessed,high,White-hot cone-shaped object observed traveling east.,38_143685_box7_incident_summaries_173-233
INC-0217,1948-10-01,day,night,2100,"Fargo, North Dakota",USA,round,6-8 inches,clear white,1,diving and climbing,,visual,1,military-pilot,USAF,1,1,1,not-assessed,high,"George Gorman observed a clear white, round object maneuvering.",38_143685_box7_incident_summaries_101-172
INC-0218,1948-10-15,day,afternoon,1705,"Honolulu, T. H.",USA,round or elliptical,10 to 15 feet,bright silver,1,horizontal flight,10 seconds,visual,3,military-pilot; civilian,Department of War,1,1,1,not-assessed,high,Bright silver disc-shaped objects observed between cloud layers.,38_143685_box7_incident_summaries_173-233
INC-0219,1948-10-15,day,night,unknown,Fukuoka Area,Japan,unknown,unknown,unknown,1,evasive,unknown,visual; radar,2,military-pilot; military-other,Department of War,1,1,1,not-assessed,high,"Unidentified aircraft intercepted by F-61, detected by radar and visual.",38_143685_box7_incident_summaries_173-233
INC-0220,1948-10-16,day,morning,1145,"Sterling, Utah",USA,flat football,9 inches long,silver and black,1,horizontal flight,4 seconds,visual,1,civilian,Department of War,1,1,1,not-assessed,high,"Flattened football-shaped object observed near Sterling, Utah.",38_143685_box7_incident_summaries_173-233
INC-0221,1948-10-17,day,afternoon,1610,"Crescent City, Calif",USA,eggshaped,25 feet long,silver,1,banked; unknown,2 to 4 minutes,visual,1,civilian,Department of War,1,1,4,not-assessed,high,Silver bullet-shaped object observed.,38_143685_box7_incident_summaries_173-233; 38_143685_box7_incident_summaries_173-233; 38_143685_box7_incident_summaries_173-233; 38_143685_box7_incident_summaries_173-233
INC-0222,1948-10-20,day,morning,0550,"Minneapolis, Minnesota",USA,round with tail,6 feet,orange flame,1,horizontal flight; broke up,unknown,visual,2,civilian,Department of War,1,1,2,not-assessed,high,Fiery orange object with tail observed in Minneapolis.,38_143685_box7_incident_summaries_173-233; 38_143685_box7_incident_summaries_173-233
INC-0223,1948-10-24,day,afternoon,1545,"Junction City, Kansas",USA,unknown,unknown,metallic,1,turning,unknown,visual,1,military-other,Department of War,1,1,1,not-assessed,high,Metallic object observed turning south.,38_143685_box7_incident_summaries_173-233
INC-0224,1948-10-24,day,night,2220,At sea (S/S Gulfport),unknown,round,1/4 size of full moon,bright,1,unknown,50 minutes,visual,1,civilian,Department of War,1,1,1,not-assessed,medium,Bright object with distinct center observed at sea.,38_143685_box7_incident_summaries_173-233
INC-0225,1948-10-29,day,unknown,unknown,"Goose Bay, Labrador",Canada,unknown,size of a normal craft,unknown,1,approach for landing,unknown,radar,1,military-other,Department of War,1,1,1,not-assessed,high,"Radar targets detected at Goose Bay, Labrador.",38_143685_box7_incident_summaries_173-233
INC-0226,1948-10-30,day,afternoon,1430,"Grays Harbor, Washington",USA,egg-shaped,unknown,yellow then white,10-20,horizontal flight,20 seconds,visual,1,military-pilot,Department of War,1,1,1,not-assessed,high,Group of translucent objects observed from F-82.,38_143685_box7_incident_summaries_173-233
INC-0227,1948-10-31,day,night,0300,Azores,Portugal,light bulb,of light bulb,white with yellowish tint,1,gaining altitude,unknown,visual,1,military-other,Department of War,1,1,1,partially-explained,high,Light bulb-shaped object gaining altitude.,38_143685_box7_incident_summaries_173-233
INC-0228,1948-11,month,night,,"Scranton, Pennsylvania",United States,,,,,ignited,,other,,civilian,FBI,1,1,1,not-assessed,medium,"Report of a fire caused by an object striking a roof, suspected by the complainant to be a military flare or flying saucer.",65_hs1-834228961_62-hq-83894_section_4
INC-0229,1948-11-01,day,night,2145,"Ft McAndrew, Newfoundland",Canada,unknown,unknown,unknown,1,unknown,4 minutes and 7 seconds,radar,2,military-other,Department of War,1,1,1,not-assessed,high,Radar target detected near Ft McAndrew.,38_143685_box7_incident_summaries_173-233
INC-0230,1948-11-05,day,dawn,0435,"Richmond, Indiana",USA,round,larger than a star,white,1,stationary,30 minutes,visual,1,civilian,Department of War,1,1,1,not-assessed,high,Stationary brilliant white light observed.,38_143685_box7_incident_summaries_173-233
INC-0231,1948-11-06,day,midday,1157,"Wakkanai, Japan",Japan,unknown,normal for aircraft,unknown,1,circling,1 hour and 5 minutes,radar,1,military-other,Department of War,1,1,1,not-assessed,high,Radar target circling radar site in Japan.,38_143685_box7_incident_summaries_173-233
INC-0232,1948-11-08,day,evening,1850,"Newark AF Base, New Jersey",USA,disc,same relative diameter as the moon,pale luminous,1,horizontal flight; arc,one second or less,visual,1,civilian,Department of War,1,1,1,not-assessed,high,A pale luminous disc-shaped object was observed moving in an arc across the sky at 800 MPH.,38_143685_box7_incident_summaries_173-233
INC-0233,1948-11-10,day,morning,0500,"Boston, Massachusetts",USA,single-engine plane,,,3,weaving,,visual,1,civilian,Department of War,1,1,1,not-assessed,medium,Three fast-flying single-engine planes without lights were observed.,38_143685_box7_incident_summaries_173-233
INC-0234,1948-11-12,day,afternoon,1300-1400,Clark AF Base,Philippines,fuselage-like,300 feet,snow-white,1,reconnaissance,,visual,1,military-other,Department of War,1,1,1,not-assessed,medium,A large white object resembling a fuselage without a tail was observed through clouds.,38_143685_box7_incident_summaries_173-233
INC-0235,1948-11-14,day,morning,1045,South Korea,South Korea,twin-engine bomber,twin-engine bomber,,1,circling,,visual,2,military-other,Department of War,1,1,1,not-assessed,medium,A twin-engine bomber-type aircraft was observed circling an observation post.,38_143685_box7_incident_summaries_173-233
INC-0236,1948-11-16,day,afternoon,1315,"Dumorest, New Jersey",USA,ball,,aluminum,1,horizontal flight,1 minute,visual,1,civilian,Department of War,1,1,1,not-assessed,low,An aluminum ball-like object was observed moving north to south.,38_143685_box7_incident_summaries_173-233
INC-0237,1948-11-17,day,afternoon,1415,"Alberta, Canada",Canada,egg,50 feet,bright flaming orange,1,shallow dive,momentary,visual,1,military-other; military-pilot,USAF; Department of War,2,2,2,not-assessed,high,"Egg-shaped object with tail sighted over Alberta, Canada.",342_hs1-416511228_box186_319.1-flying-discs-1949; 38_143685_box7_incident_summaries_173-233
INC-0238,1948-11-18,day,night,2145,"Andrews AF Base, Maryland",USA,oval,smaller than T-6 aircraft,dull glow,1,evasive; circling; vertical climb,15-18 minutes,visual,3,military-pilot; military-other,Department of War,1,1,1,not-assessed,high,An oval object performed evasive maneuvers while being intercepted by military aircraft.,38_143685_box7_incident_summaries_173-233
INC-0239,1948-11-23,day,night,2220,"Furstenfeldbruck, Germany",Germany,,,reddish,1,circling; climbing,,visual; radar,2,military-pilot,Department of War,1,1,1,not-assessed,high,A reddish star-like object was observed circling.,38_143685_box7_incident_summaries_173-233
INC-0240,1948-11-29,day,night,2113,"San Francisco, California",USA,,,yellow,1,turning,7 seconds,visual,1,civilian,Department of War,1,1,1,not-assessed,medium,A yellow light flashed across the sky at high speed.,38_143685_box7_incident_summaries_173-233
INC-0241,1948-12,unknown,unknown,,"Starvation Peak, New Mexico",United States,round,,yellow green,,horizontal path; constant angular velocity; level flight; tangent to earth's surface; vertical change in path,,visual,1,scientist; military-other; civilian,FBI,1,1,2,unexplained,high,"Dr. Lincoln La Paz observed a green fireball phenomenon near Starvation Peak, New Mexico.",65_hs1-834228961_62-hq-83894_section_4; 65_hs1-834228961_62-hq-83894_section_4
INC-0242,1948-12-03,day,dusk,1713,"Dayton, Ohio",USA,irregular,1 inch at viewpoint,yellowish white,1,ascending arc; climbing,0.5 seconds per pulse,visual,2,civilian; military-other,Department of War,1,1,2,not-assessed,medium,A pulse of light resembling a rocket was observed twice.,38_143685_box7_incident_summaries_173-233; 38_143685_box7_incident_summaries_173-233
INC-0243,1948-12-03,day,evening,2015,"Fairfield-Suisun AFB, California",United States,round,30 inches,colorless white light,1,undulating; vertical climb; climbing; erratic,,visual,2,military-other,USAF; Department of War,2,2,2,not-assessed,high,"Illuminated object sighted over Fairfield-Suisun AFB, California.",342_hs1-416511228_box186_319.1-flying-discs-1949; 38_143685_box7_incident_summaries_173-233
INC-0244,1948-12-05,day,night,2105,"Las Vegas, New Mexico",USA,flare,,green,1,rising; arching downward,few seconds,visual,1,military-pilot,Department of War,1,1,2,not-assessed,high,A green flare-like object was observed rising from the ground.,38_143685_box7_incident_summaries_173-233; 38_143685_box7_incident_summaries_173-233
INC-0245,1948-12-06,day,night,2255,"Sandia Base, New Mexico",USA,flare,1/3 diameter of moon,greenish,1,falling arc,2-3 seconds,visual,1,federal-le,Department of War,1,1,1,not-assessed,high,A greenish flare was observed falling in an arc.,38_143685_box7_incident_summaries_173-233
INC-0246,1948-12-07,day,unknown,,"Lone Pine, California",USA,disc,8 feet diameter,aluminum,,crashed,,visual,4,civilian,FBI,1,1,1,not-assessed,high,"A metallic object with wings and a gyroscope center was found in the desert near Lone Pine, California.",65_hs1-834228961_62-hq-83894_section_4
INC-0247,1948-12-08,day,evening,,"Chanute AFB, Illinois",United States,round,,bright white,1,,,visual,2,military-other,USAF,1,1,1,not-assessed,high,"Bright object sighted over Chanute AFB, Illinois.",342_hs1-416511228_box186_319.1-flying-discs-1949
INC-0248,1948-12-08,day,night,1846,"Chanute AF Base, Illinois",USA,round,15 feet long,white,1,upward path,3 seconds,visual,2,military-other,Department of War,1,1,1,not-assessed,medium,A round white object was observed moving rapidly upward.,38_143685_box7_incident_summaries_173-233
INC-0249,1948-12-08,day,night,1833,"Las Vegas, New Mexico",USA,flare-like,larger than normal flare,intense green,1,flat trajectory,2 seconds,visual,2,military-pilot,Department of War,1,1,1,not-assessed,high,An intense green light with a trail of glowing fragments was observed.,38_143685_box7_incident_summaries_173-233
INC-0250,1948-12-09,day,afternoon,1520,"Pittsburgh, Pennsylvania",USA,round,,chalky white,1,horizontal flight,7 minutes,visual,2,military-pilot,Department of War,1,1,1,not-assessed,high,A round chalky white object was observed moving in a straight line.,38_143685_box7_incident_summaries_173-233
INC-0251,1948-12-11,day,night,,"Martinsburg, West Virginia",United States,,,red to blue to red,1,,,visual,3,military-other,USAF,1,1,1,not-assessed,medium,Stationary flare-like object sighted over West Virginia.,342_hs1-416511228_box186_319.1-flying-discs-1949
INC-0252,1948-12-13,day,unknown,,"South Bay, Florida",USA,circle,,"red, blue, yellow",1,,,visual,0,unknown,Department of War,1,1,1,not-assessed,low,A circular halo of stars surrounding a blazing star was observed.,38_143685_box7_incident_summaries_173-233
INC-0253,1948-12-14,day,unknown,,"Riviera Beach, Florida",USA,kite,20 feet,silver,1,dodging; speeding up,,visual,0,unknown,Department of War,1,1,1,not-assessed,low,A silver kite-shaped object with a white spot was observed.,38_143685_box7_incident_summaries_173-233
INC-0254,1948-12-24,day,evening,1745,"Moorhead, Minnesota",USA,unknown,unknown,unknown,1,horizontal flight,unknown,visual,2,civilian,Department of War,1,1,1,not-assessed,high,Light observed traveling east to west.,38_143685_box7_incident_summaries_173-233
INC-0255,1948-1951,year,afternoon,,Los Alamos,USA,,,,5,flying in formation,,,5-6,unknown,Department of Energy,1,1,1,not-assessed,medium,Five objects flying in formation over Los Alamos.,pursue-r2--doe-uap-d002
INC-0256,1948-1951,year,night,,"Los Alamos, Jemez Mountains",USA,,,green,,weaving in and out of mountain peaks,,,,unknown,Department of Energy,1,1,1,not-assessed,medium,"Multiple sightings of green lights near Los Alamos, Jemez Mountains.",pursue-r2--doe-uap-d002
INC-0257,1948-1950,year,unknown,,"Sandia, New Mexico",United States,"orb, disc",,green,,maneuvering; flying out of sight; disappearing; exploding,,,,military-other,Department of War,1,1,1,not-assessed,medium,"Series of sightings of green orbs, discs, and fireballs near Sandia Base.",pursue-r2-record-index
INC-0258,1949,year,unknown,,Cascade Mountains,United States,,,unknown,,converging; explosion,,,,,FBI,1,1,1,not-assessed,medium,Rev. Charles Barnes observed four beams of light converging in the Cascade Mountains with a great explosion at the convergence point.,pursue-r3-record-index
INC-0259,1949-01-01,day,evening,1700,"Jackson, Mississippi",United States,cigar,60 feet long,dark blue or black,1,turning; accelerating,10-12 seconds,visual,3,civilian; military-pilot,USAF; Department of War,2,2,2,not-assessed,high,"Cigar-shaped object sighted near Jackson, Mississippi.",342_hs1-416511228_box186_319.1-flying-discs-1949; 38_143685_box7_incident_summaries_173-233
INC-0260,1949-01-04,day,afternoon,,"Hickam Field, Hawaii",United States,round,size of an AT-6,white,1,oscillating; circling,,visual,1,military-pilot,USAF,1,1,1,not-assessed,high,"Object sighted over Hickam Field, Hawaii, described as white cardboard.",342_hs1-416511228_box186_319.1-flying-discs-1949
INC-0261,1949-01-25,day,evening,,Japan,Japan,,,"pale, white, yellowish red",1,,,visual,unknown,civilian,USAF,1,1,1,not-assessed,medium,Glow phenomenon sighted over Japan.,342_hs1-416511228_box186_319.1-flying-discs-1949
INC-0262,1949-01-30,day,night,,New Mexico,USA,fireball,,,100+,,,visual,100,civilian; unknown,Department of War; USAF,2,2,2,not-assessed,high,Green fireball reported over New Mexico.,pursue-r2--dow-uap-d017; 65_hs1-834228961_62-hq-83894_section_4
INC-0263,1949-02-06,day,afternoon,,"San Andres Islands, Caribbean Sea",unknown,sphere,12 to 14 inches,silver to yellow to red,3,,,visual,unknown,civilian,USAF,1,1,1,not-assessed,medium,Three aerial objects sighted near San Andres Islands.,342_hs1-416511228_box186_319.1-flying-discs-1949
INC-0264,1949-02-07,day,night,,"Fort Knox, Kentucky",United States,,,"bright green, yellow, red",1,rotating,,visual,4,military-other,USAF,1,1,1,not-assessed,high,"Bright object sighted over Fort Knox, Kentucky, rotating with colors.",342_hs1-416511228_box186_319.1-flying-discs-1949
INC-0265,1949-02-11,day,dawn,,Newfoundland,Canada,,,glowing,1,,,visual,3,civilian,USAF,1,1,1,not-assessed,medium,Burning object sighted over Newfoundland.,342_hs1-416511228_box186_319.1-flying-discs-1949
INC-0266,1949-02-28,day,evening,,"Sandberg Pass, California",United States,blimp,,,1,,,visual,1,military-pilot,USAF,1,1,1,not-assessed,medium,"Jet propelled blimp sighted over Sandberg Pass, California.",342_hs1-416511228_box186_319.1-flying-discs-1949
INC-0267,1949-03-06,day,evening,,"Camp Hood, Texas",United States,,,,,,,visual,multiple,military-other,FBI,1,1,1,partially-explained,medium,"Reports of flares or green fireball phenomena near Killeen Base, Camp Hood, Texas.",65_hs1-834228961_62-hq-83894_section_4
INC-0268,1949-03-17,day,night,,"Camp Hood, Texas",,light,,,,,,visual,,military-other,Fourth Army,1,1,1,not-assessed,high,Unidentified lights reported near Camp Hood.,pursue-r2--dow-uap-d017
INC-0269,1949-03-18,day,evening,,"Fort Chimo, Quebec",Canada,,,red light,1,,,visual,4,unknown,USAF,1,1,1,not-assessed,medium,"Unidentified object sighted over Fort Chimo, Quebec.",342_hs1-416511228_box186_319.1-flying-discs-1949
INC-0270,1949-03-31,day,night,,"Killeen Base, Texas",United States,,size of a basketball,reddish white,,traveling parallel to the ground; disappeared high in the sky,,visual,1,military-pilot,FBI,1,1,1,unexplained,high,"Lt. Frederick W. Davis observed a reddish-white object with a fire trail near Killeen Base, Texas.",65_hs1-834228961_62-hq-83894_section_4
INC-0271,1949-04-04,day,night,,"Merced, California",United States,solid mass,four or five feet in diameter,dull metal,,clicking noise; blanking out stars; maneuvered through an arc of turn,,visual,1,military-pilot,FBI,1,1,1,unexplained,high,"Major William H. Parrott observed a solid mass object with a clicking sound near Merced, California.",65_hs1-834228961_62-hq-83894_section_4
INC-0272,1949-04-05,day,morning,,"Ogden/Logan, Utah",United States,,,silver,,explosion in the air; falling,,visual,multiple,military-other; federal-le; civilian,FBI,1,1,1,explained,medium,"Reports of aerial explosions and falling silver objects near Ogden and Logan, Utah, initially suspected to be B-29 practice bombing.",65_hs1-834228961_62-hq-83894_section_4
INC-0273,1949-04-08,day,evening,,"Kodiak, Alaska",United States,,,greenish-blue,1,plummet across the sky,,visual,4,civilian; military-other,US Navy,1,1,1,not-assessed,high,"Flaming greenish-blue object sighted over Kodiak, Alaska.",342_hs1-416511228_box186_319.1-flying-discs-1949
INC-0274,1949-04-13,day,night,,"Fort Worth, Texas",United States,ball,,silver,1,horizontal flight,,visual,2,military-other,USAF,1,1,1,not-assessed,high,"Round silver object sighted over Fort Worth, Texas.",342_hs1-416511228_box186_319.1-flying-discs-1949
INC-0275,1949-04-16,day,afternoon,,"Fort Smith, Arkansas",United States,round,,,,moving in a southeastern direction,,visual,1,civilian,FBI,1,1,1,unexplained,high,"Wade H. Harrison observed a brilliant, mirror-like object moving southeast over Fort Smith, Arkansas.",65_hs1-834228961_62-hq-83894_section_4
INC-0276,1949-05-02,day,afternoon,,Guam,United States,disc,30 feet in diameter,,3,left turn,,radar; visual,1,military-other; government-civilian,USAF,1,1,2,not-assessed,high,Radar interference observed on RB-29 flight near Guam.,342_hs1-416511228_box186_319.1-flying-discs-1949; 342_hs1-416511228_box186_319.1-flying-discs-1949
INC-0277,1949-05-12,day,evening,,"Radford, Virginia",United States,cigar,,black,,level off; wiggle,,visual,,civilian; military-pilot,FBI,1,1,1,not-assessed,medium,"Sightings of a long, cigar-shaped object with a red nose and trailing smoke reported across Virginia and Tennessee.",65_hs1-834228961_62-hq-83894_section_4
INC-0278,1949-05-14,day,evening,,"Nobleboro, Maine",United States,angular,,,,whirling; floating,,visual,,civilian,FBI,1,1,1,partially-explained,high,"Witness observed a small, angular object in the sky that changed shape and appeared to be on fire.",65_hs1-834228961_62-hq-83894_section_4
INC-0279,1949-05-24,day,afternoon,1700,river,USA,,,metallic,1,horizontal flight; increasing speed,2.5 to 3 minutes,,several,civilian,USAF,1,1,1,unexplained,high,Laboratory employees observed a metallic object with a dirty skin.,pursue-r3--cia-uap-015
INC-0280,1949-05-27,day,afternoon,1425,Southern Oregon,USA,elongated oval,less than 20 feet,unpainted metal,6-7,steady file formation; paralleling course,,visual,1,military-other,US Navy,1,1,1,unexplained,high,LTJG Joseph C. Shell observed 6 or 7 flying discs while flying a private plane in southern Oregon.,65_hs1-834228961_62-hq-83894_section_5
INC-0281,1949-06-08,day,unknown,,12° 25'N and 140° 20'E,unknown,,,white,1,straight line,,visual,2,military-other,USAF,1,1,1,not-assessed,high,White billowing substance sighted at high altitude by RB-29 crew.,342_hs1-416511228_box186_319.1-flying-discs-1949
INC-0282,1949-06-10,day,morning,,"Boston, Massachusetts",United States,tubular,100 feet long,white,1,,,visual,1,military-other,USAF,1,1,1,not-assessed,medium,Tubular white object sighted 20 miles southwest of Boston.,342_hs1-416511228_box186_319.1-flying-discs-1949
INC-0283,1949-06-28,day,evening,,"Fairfield, Ohio",United States,,,flame and smoke,1,,,visual,2,military-other; civilian,USAF,1,1,1,not-assessed,medium,"Object with flame and smoke trail sighted over Fairfield, Ohio.",342_hs1-416511228_box186_319.1-flying-discs-1949
INC-0284,1949-07-19,day,evening,,"Columbus, Ohio",United States,flying wing,,luminous,1,straight line,,visual,1,civilian,USAF,1,1,1,not-assessed,medium,"Luminous object sighted over Columbus, Ohio, described as flying wing type.",342_hs1-416511228_box186_319.1-flying-discs-1949
INC-0285,1949-07-24,day,midday,,"Mountain Home, Idaho",United States,delta wings,larger than an F-51,light gray and dirty white,7,V formation; 180 degree turn,,visual,1,civilian,USAF,1,1,1,not-assessed,high,Seven delta-wing objects in V-formation sighted over Idaho.,342_hs1-416511228_box186_319.1-flying-discs-1949
INC-0286,1949-07-24,day,evening,,"Socorro, New Mexico",,fireball,,,,,,visual,,civilian,New Mexico School of Mines,1,1,1,not-assessed,high,"Fireball reported over Socorro, New Mexico.",pursue-r2--dow-uap-d017
INC-0287,1949-07-26,day,evening,,"Spokane, Washington",United States,dish shaped,larger than a B-29,,8,,,visual,1,civilian,USAF,1,1,1,not-assessed,medium,"Formation of eight dish-shaped objects sighted over Spokane, Washington.",342_hs1-416511228_box186_319.1-flying-discs-1949
INC-0288,1949-07-30,day,night,,"Portland, Oregon",United States,,,two red lights and one white light,1,following; pull away,,visual,7,civilian; government-civilian,USAF,1,1,1,not-assessed,high,Unidentified object with red and white lights following an airline flight.,342_hs1-416511228_box186_319.1-flying-discs-1949
INC-0289,1949-08-01,day,evening,,"Columbus, Ohio",United States,,,white and yellowish red,1,straight line,,visual,3,government-civilian,USAF,1,1,1,not-assessed,medium,"Object sighted over Columbus, Ohio, displaying white and yellowish-red light.",342_hs1-416511228_box186_319.1-flying-discs-1949
INC-0290,1949-08-06,day,evening,,New Mexico,,fireball,,,,,,visual,,civilian,Department of War,1,1,1,not-assessed,high,Green fireball reported over New Mexico.,pursue-r2--dow-uap-d017
INC-0291,1949-08-08,day,midday,,"Medford, Oregon",United States,,,shiny,1-7,maneuvered horizontally; break off and reform,,visual,7,military-other; government-civilian,USAF,1,1,1,not-assessed,high,"Multiple shiny objects sighted near Medford, Oregon, maneuvering in formation.",342_hs1-416511228_box186_319.1-flying-discs-1949
INC-0292,1949-08-15,day,evening,,"Greenville, South Carolina",United States,round,,grey,1,constant speed and altitude,,visual,2,civilian,USAF,1,1,1,explained,medium,"Round object sighted over Greenville, South Carolina, identified as a weather balloon.",342_hs1-416511228_box186_319.1-flying-discs-1949
INC-0293,1949-08-22,day,afternoon,,"Seattle, Washington",United States,circular,75 to 100 feet in diameter,shiny aluminum,1,did not maneuver,,visual,3,military-other; government-civilian,USAF,1,1,2,not-assessed,high,"Circular object sighted over Seattle, Washington.",342_hs1-416511228_box186_319.1-flying-discs-1949; 342_hs1-416511228_box186_319.1-flying-discs-1949
INC-0294,1949-09-20,day,morning,,"Griffiss Air Force Base, Rome, New York",United States,cylindrical,,silvery or aluminum,1,slow descent,,visual,2,military-pilot,USAF,1,1,1,not-assessed,high,Cylindrical object with orange and white flame observed by pilot and co-pilot.,342_hs1-416511228_box186_319.1-flying-discs-1949
INC-0295,1949-09-25,day,afternoon,1445,"Lubeck, West Virginia",USA,rocket,15-18 inches long,bright canary yellow,,dropping slightly,,visual,1,civilian,FBI,1,1,1,unexplained,high,"Glen Sprouse observed a bright yellow rocket-shaped object while flying near Parkersburg, West Virginia.",65_hs1-834228961_62-hq-83894_section_5
INC-0296,1949-10,month,unknown,,"Palomar Mountain, California",,,,,,,,other,,scientist,CIA,1,1,1,explained,medium,Cosmic ray counter anomaly at Palomar Mountain.,pursue-r3--cia-uap-002
INC-0297,1950-01-06,day,night,,"Kansas City and Olathe, Kansas",United States,spherical,size of old fashioned street lights,"brilliant white, orange and red flashes",2,motionless; moved off very fast,,visual,2,civilian; military-pilot,USAF,1,1,1,not-assessed,high,"Two spherical objects sighted over Kansas City and Olathe, Kansas, appearing motionless for 10-15 minutes before moving off fast.",342_hs1-416511228_box186_319.1-flying-discs-1949
INC-0298,1950-01-22,day,night,,"Kodiak, Alaska",USA,ball of fire,1 foot diameter,"orange, reddish-orange",,rotating; high speed; maneuverable,,visual; radar,,military-pilot; military-other,US Navy,1,1,1,not-assessed,high,Naval personnel reported unidentified radar contacts and visual sightings of orange lights and a reddish-orange ball of fire.,65_hs1-834228961_62-hq-83894_section_5
INC-0299,1950-02-27,day,morning,,"Caoggia, Italy",Italy,saucer,,silver,,travelling at great speed,,visual,unknown,unknown,FBI,1,1,1,not-assessed,medium,"Silver-colored flying saucer reported at 6,000 feet.",65_hs1-834228961_62-hq-83894_sub_a
INC-0300,1950-03,month,unknown,,,,,,,,,,,,,CIA,1,1,1,not-assessed,medium,Tracking of a UFO by an official team led by Commander McLaughlin at White Sands,pursue-r3--cia-uap-019
INC-0301,1950-03-01,day,night,2135,"Oak Ridge, Tennessee",USA,,,,,circling; moving at terrific speed,,radar,,civilian,US Army,1,1,1,unexplained,medium,Radar station at WROL Knoxville detected unidentified objects over Oak Ridge.,65_hs1-834228961_62-hq-83894_section_5
INC-0302,1950-03-02,day,morning,1105,"Oak Ridge, Tennessee",USA,,,,,,,radar,,civilian,US Army,1,1,1,unexplained,medium,Radar station at WROL Knoxville detected unidentified objects over Oak Ridge.,65_hs1-834228961_62-hq-83894_section_5
INC-0303,1950-03-20,day,night,2126,unknown,USA,disc-like,100 feet diameter,,1,straight line flight,35 seconds,,2,military-pilot; civilian,USAF,1,1,1,unexplained,high,Airliner crew observed a disc-shaped object with portholes and purple light.,pursue-r3--cia-uap-015
INC-0304,1950-03-29,day,unknown,,Italy,Italy,disc,,silver,,streaking; suspended,,visual,multiple,civilian,FBI,1,1,1,not-assessed,medium,Reports of flying saucers over five different areas in Italy.,65_hs1-834228961_62-hq-83894_sub_a
INC-0305,1950-04-01,day,evening,,"Route 47, west of Geneva, Illinois",USA,flattened diamond,,silvery white,,traveling at airplane speed; went behind a cloud,,visual,1,civilian,FBI,1,1,1,not-assessed,high,"Miss Laura McChesney observed a silvery white, diamond-shaped object traveling west at airplane speed.",65_hs1-834228961_62-hq-83894_section_5
INC-0306,1950-04-02,day,unknown,,"Tipp City, OH",United States,disc,,bright,,hovering; shot straight up,,visual,9,civilian,FBI,1,1,1,not-assessed,high,Nine persons saw two bright discs trailing orange flame over an Air Force base.,65_hs1-834228961_62-hq-83894_sub_a
INC-0307,1950-04-03,day,night,,Balearic Islands,Spain,disc,,,,crossing the sky,,visual; photo,multiple,civilian,FBI,1,1,1,not-assessed,high,A newsreel cameraman photographed a luminous object in the sky.,65_hs1-834228961_62-hq-83894_sub_a
INC-0308,1950-04-08,day,unknown,,"Elmira, New York",USA,box,40 inches in diameter,aluminum,,landed,,,,federal-le,FBI,1,1,1,explained,high,Elmira Police Department reported a flying saucer landing near the airport; investigation revealed it to be a cardboard box with a radio tube and flare.,65_hs1-834228961_62-hq-83894_section_5
INC-0309,1950-04-08,day,unknown,,,Soviet Union,,,,,aggressive air defense,,visual,,military-other,CIA,1,1,1,not-assessed,high,Soviet fighters shot down a US Navy Privateer patrol aircraft over the Baltic Sea.,pursue-r3--cia-uap-003
INC-0310,1950-04-10,day,afternoon,,"Preston, England",United Kingdom,oval,,silver,,swinging movement; going against the wind,,visual,3,civilian,FBI,1,1,1,partially-explained,high,Three girls observed an oval-shaped object moving against the wind.,65_hs1-834228961_62-hq-83894_sub_a
INC-0311,1950-05-24,day,unknown,,"Vaughn, New Mexico",USA,green fireballs and discs,,,,flying,,visual,multiple,contractor,USAF,1,1,1,not-assessed,high,"Land-Air, Inc. personnel sighted 8 to 10 aerial objects.",65_hs1-834228961_62-hq-83894_section_6
INC-0312,1950-06-25,day,morning,,"Washington, D.C.",USA,cigar,,silver,,moving east,,visual,1,civilian,FBI,1,1,1,not-assessed,high,Douglas Harrison observed a cigar-shaped silver object moving east at high altitude.,65_hs1-834228961_62-hq-83894_section_5
INC-0313,1950-06-29,day,afternoon,,"Phoenix, Arizona",USA,,,,,moving westward; highly maneuverable,,visual; radar,,military-pilot; federal-le; civilian,FBI,1,1,1,not-assessed,high,Multiple citizens and FBI personnel observed an object picked up by radar; B-29 attempted to follow.,65_hs1-834228961_62-hq-83894_section_5
INC-0314,1950-07-01,day,night,,"North Chicago, Illinois",USA,cigar,,burning kerosene lamp glow,,straight and level flight,,visual,1,civilian,FBI,1,1,1,not-assessed,high,Informant observed a cigar-shaped object traveling northwest to southeast.,65_hs1-834228961_62-hq-83894_section_5
INC-0315,1950-07-04,day,night,,"Downers Grove, Illinois",USA,,,silvery,,moving north-northwest,,visual,2,civilian,FBI,1,1,1,not-assessed,high,"Tage Stensig observed a large, bright, silvery object moving north-northwest.",65_hs1-834228961_62-hq-83894_section_5
INC-0316,1950-07-12,day,night,,"Osceola, AR",United States,helmet-shaped,25 to 45 feet across,shiny,,whizzing; disappeared,,visual; radar,3,military-pilot; military-other,FBI,1,1,1,not-assessed,high,Two pilots and an electronics instructor tracked a helmet-shaped object on radar.,65_hs1-834228961_62-hq-83894_sub_a
INC-0317,1950-07-14,day,night,,"Fargo, ND",United States,moon-like,,brightly-shining,,maneuvering,,visual,4,government-civilian; civilian,FBI,1,1,1,not-assessed,high,Five moon-like objects observed in formation for 34 minutes.,65_hs1-834228961_62-hq-83894_sub_a
INC-0318,1950-07-19,day,night,,"Toronto, Ontario",Canada,,,,,circling; retarding speed,,visual,2,civilian,FBI,1,1,1,not-assessed,high,Walter D. Jones observed a hazy object of light circling near his farmhouse.,65_hs1-834228961_62-hq-83894_section_5
INC-0319,1950-07-29,day,night,,"Williamsville, IL",United States,sausage,10 feet long,blue,,dived; exploded,,visual,multiple,military-pilot; civilian,FBI,1,1,1,partially-explained,high,Pilot Jim Graham reported a collision with a sausage-shaped object that exploded.,65_hs1-834228961_62-hq-83894_sub_a
INC-0320,1950-08,month,unknown,,Los Alamos,,,,,,,,other,,scientist,CIA,1,1,1,explained,medium,Los Alamos Bird Watchers Association cosmic ray coincidence counter behavior.,pursue-r3--cia-uap-002
INC-0321,1950-08-15,day,unknown,,"Great Falls, Montana",,,,,,reflection,,visual; photo,,unknown,CIA,1,1,1,partially-explained,medium,"Great Falls, Montana sighting.",pursue-r3--cia-uap-002
INC-0322,1950-09-18,day,afternoon,,"Poplar Bluff, MO",United States,spherical,,,,motionless; roaring across sky,,visual; radar,hundreds,civilian; military-pilot,FBI,1,1,1,not-assessed,high,Hundreds of persons saw a spherical object chased by four planes; pilots could not make contact.,65_hs1-834228961_62-hq-83894_sub_a
INC-0323,1950-09-26,day,evening,,"Philadelphia, Pennsylvania",USA,round,six feet in diameter,lavender,1,descending; disintegrating,25 minutes,visual,2,federal-le,FBI,1,1,1,not-assessed,high,"Two police officers observed a round, lavender object that disintegrated into a sticky residue.",65_hs1-834228961_62-hq-83894_section_6
INC-0324,1950-10-02,day,evening,,"Venus Boulevard, near 25th Street",USA,discus,six foot in circumference,lavender,1,descending; evaporating,15-20 minutes,visual,2,federal-le,FBI,1,1,1,not-assessed,high,FBI officers observed a round object that evaporated after landing.,65_hs1-834228961_62-hq-83894_section_6
INC-0325,1950-10-12,day,night,,"Oak Ridge, Tennessee",USA,,,,11,flying,,radar,multiple,military-other,USAF,1,1,1,unexplained,high,Radar detection of multiple unidentified objects over Oak Ridge.,65_hs1-834228961_62-hq-83894_section_6
INC-0326,1950-10-14,day,unknown,,"Philadelphia, PA",United States,saucer-like,six-foot,,,landed; evaporated,,visual,4,federal-le,FBI,1,1,1,not-assessed,medium,"Four Philadelphia policemen reported seeing a saucer-like object land in a field, which then evaporated leaving a sticky residue.",65_hs1-834228961_62-hq-83894_sub_a
INC-0327,1950-10-20,day,evening,,"New Haven, Connecticut",USA,sphere,ten times the diameter of Venus,golden-orange,1,hovering; maneuvering,20 seconds,visual,3,civilian,FBI,1,1,1,not-assessed,high,Sphere-like object observed by a chemical engineer and his family.,65_hs1-834228961_62-hq-83894_section_6
INC-0328,1950-10-30,day,night,,"Devon, England",United Kingdom,circular,,silvery blue,,travelling at incalculable speed; disintegrate; collide,,visual,multiple,civilian,FBI,1,1,1,not-assessed,high,Multiple witnesses in Devon reported circular objects with trails of fire moving at high speed.,65_hs1-834228961_62-hq-83894_sub_a
INC-0329,1950-12-02,day,afternoon,,"Chard, Somerset, England",United Kingdom,peardrop,,white,,darting; disperse on horizon; melted into nothingness,,visual,thousands,civilian,FBI,1,1,1,unexplained,high,Thousands of spectators at football matches in Britain saw a strange white flash darting across the sky at high speed.,65_hs1-834228961_62-hq-83894_sub_a
INC-0330,1951,year,afternoon,,Minneapolis,USA,disk,,gray,,climbing turn; accelerated; disappeared,,visual,1,military-pilot,USAF,1,1,1,unexplained,high,"Donald Slayton observed a gray, saucer-shaped disk while testing a P-51 fighter.",pursue-r3--usg-uap-d001
INC-0331,1951,year,unknown,,,Soviet Union,,,,,aggressive air defense,,visual,,military-other,CIA,1,1,1,not-assessed,high,Soviet aircraft downed a US Navy Neptune bomber near Vladivostok.,pursue-r3--cia-uap-003
INC-0332,1951,year,unknown,,,Germany,saucer-shaped,,,,flying in formation; out-maneuvering planes,,visual,1,military-pilot,USAF,1,1,1,unexplained,high,Major Gordon Cooper observed multiple saucer-shaped discs flying in formation over Western Germany.,pursue-r3--usg-uap-d001
INC-0333,1951-01-20,day,evening,2020,city airport,USA,cigar-shaped body with straight wings,,,1,blinked lights; turn; flew across nose; slipped under plane,,,4,military-other; military-pilot,USAF,1,1,1,unexplained,high,Tower operators and commercial pilots observed a light that performed maneuvers near their aircraft.,pursue-r3--cia-uap-015
INC-0334,1951-09-10,day,morning,,"Fort Monmouth, New Jersey",USA,,,,,fast-moving,,radar,multiple,military-other,USAF,1,1,1,not-assessed,high,Radar detection of fast-moving targets near Fort Monmouth.,65_hs1-834228961_62-hq-83894_section_6
INC-0335,1951-09-11,day,afternoon,,"Navesink, New Jersey",USA,,,,,hovering; rapid vertical movement,,radar,multiple,military-other,USAF,1,1,1,not-assessed,high,Radar detection of a target displaying unusual maneuverability.,65_hs1-834228961_62-hq-83894_section_6
INC-0336,1952,year,unknown,,"near Meiningen, Soviet zone",Germany,saucer,50 feet,,,take off; whirring,,visual,2,civilian,Sunday Graphic,1,1,1,not-assessed,medium,Oskar Linke and his daughter observed a saucer-shaped craft and two figures in a forest clearing.,65_hs1-834228961_62-hq-83894_section_6
INC-0337,1952,year,unknown,,West Virginia,United States,saucer,,,,,,,,civilian,FBI,1,1,1,not-assessed,medium,Gray Barker investigated a reported landing of a flying saucer near his home in West Virginia.,65_hs1-834228961_62-hq-83894_serial_403
INC-0338,1952-03-06,day,morning,,"Chicago, Illinois",USA,circular,six feet in diameter,white with bluish tinge,1,motionless; flying,3 seconds,visual,1,civilian,FBI,1,1,1,not-assessed,high,Artist observed a flying disc that appeared radio-controlled.,65_hs1-834228961_62-hq-83894_section_6
INC-0339,1952-03-13,day,night,,"Nashville, Tennessee",USA,circular,one-half the size of the moon,deep bright blue,1,flying,3 seconds,visual,1,military-other,FBI,1,1,1,not-assessed,high,Navy officer observed a circular blue object.,65_hs1-834228961_62-hq-83894_section_6
INC-0340,1952-03-29,day,midday,,Northern Japan,Japan,disc,8 inches,shiny polished chromium,,hovering; sweeping pass,,visual,1,military-pilot,FBI,1,1,1,unexplained,high,Pilot reported seeing a small metallic disc-shaped object at close range.,65_hs1-834228961_62-hq-83894_sub_a
INC-0341,1952-03-29,day,night,,"Ritchie Highway, Baltimore, Maryland",USA,flat disk with dome,50 feet in diameter,luminous silver,,hovered; wavered; turned perpendicular; rolled across the sky,,visual,2,civilian,OSI,1,1,1,not-assessed,high,"Donald Stewart reported a disc-like aircraft hovering over his car, causing the engine to stop and paint to crack.",65_hs1-834228961_62-hq-83894_section_6
INC-0342,1952-04-18,day,night,22:10,Sea of Japan,Japan,unknown,unknown,greenish-blue,1,sharp left turn; high speed,45 seconds,visual,6,military-pilot; military-other,USAF,1,1,1,not-assessed,high,"B-29 crew observed a bright, greenish-blue light approaching rapidly and executing a sharp turn over the Sea of Japan.",65_hs1-834228961_62-hq-83894_section_7
INC-0343,1952-04-20,day,night,2115-2240,unknown,USA,conventional aircraft,,red glow,20 groups of 2-9 objects,fly in straight line; standard aircraft turn,1 hour 25 minutes,,several,military-other; civilian,USAF,1,1,1,unexplained,high,Naval aviation student and others at a drive-in movie observed multiple groups of objects flying over.,pursue-r3--cia-uap-015
INC-0344,1952-05-10,day,night,,"Savannah River Plant, Ellenton, South Carolina",USA,disc,15 inches in diameter,yellow to gold,8,approaching; disappearing; traveling at high rate of speed; noiseless; weaving from left to right,,visual,4,government-civilian,FBI,1,1,1,not-assessed,high,Four employees of the DuPont Company at the Savannah River Plant observed multiple disc-shaped objects over the 400 area.,65_hs1-834228961_62-hq-83894_section_6
INC-0345,1952-05-25,day,night,,"Ashland, Kentucky",USA,oval,,,,floating; circled; went back in opposite direction,,visual,3,civilian,FBI,1,1,1,not-assessed,medium,"Three women observed strange objects floating in the sky over Ashland, Kentucky.",65_hs1-834228961_62-hq-83894_section_6
INC-0346,1952-06-06,day,morning,0842,Air Force base,Korea,disc-like,,,1,spinning; tumbling; stopping; shooting straight up,,,2,military-other,USAF,1,1,1,unexplained,high,Flight Sergeant observed an object performing spinning and tumbling actions.,pursue-r3--cia-uap-015
INC-0347,1952-06-13,day,unknown,,,Soviet Union,,,,,aggressive air defense,,visual,,military-other,CIA,1,1,1,not-assessed,medium,"US RB-29 lost in the Sea of Japan, likely shot down by Soviet fighters.",pursue-r3--cia-uap-003
INC-0348,1952-07-02,day,unknown,,"Tremonton, Utah",,circular,,,,apparent motion; variation in light intensity,,visual; photo,,unknown,CIA,1,1,1,partially-explained,high,"Tremonton, Utah sighting involving motion picture film of objects.",pursue-r3--cia-uap-002
INC-0349,1952-07-15,day,night,,"Norfolk, VA",USA,disc,100 feet diameter,orange-red,,formation flight; maneuvering,,visual,2,civilian,FBI,1,1,1,unexplained,high,Two pilots reported seeing eight glowing orange-red discs flying in formation.,65_hs1-834228961_62-hq-83894_sub_a
INC-0350,1952-07-19,day,night,0000,unknown,USA,cigar-shaped,,,2,hover; move; ascend,3 to 4 minutes,,2,civilian,USAF,1,1,1,unexplained,high,Farmer and hired hand observed two cigar-shaped objects hovering and moving.,pursue-r3--cia-uap-015
INC-0351,1952-07-19,day,unknown,,,,,,,,,,,,,CIA,1,1,1,not-assessed,high,Two series of radar-visual sightings over Washington National Airport,pursue-r3--cia-uap-019
INC-0352,1952-07-27,day,midday,,"Thessalon Lake, Ontario",Canada,,,,,dropped objects; spurted vapor; flew off at high rate of speed,,visual,2,civilian,FBI,1,1,1,not-assessed,medium,Dr. R. H. McIndoo observed a formation of bombing planes dropping objects that spurted vapor.,65_hs1-834228961_62-hq-83894_section_6
INC-0353,1952-07-28,day,morning,06:00,"Franklin, Indiana",USA,round and flat,unknown,"white, orange, red",3,barrel rolls; loops; spins; dancing; formation flight,4 hours 15 minutes,visual,many,federal-le; civilian; military-other,IFSB,1,1,1,not-assessed,high,"Three strange objects were observed over Franklin, Indiana, by police and civilians, performing aerial maneuvers for over four hours.",65_hs1-834228961_62-hq-83894_section_7
INC-0354,1952-07-31,day,morning,10:15 a.m.,"Passaic, New Jersey",United States,disc with dome,30 feet,greyish,1,hovering; tilted; antenna extended and retracted; disappeared rapidly,7 minutes,visual; photo,2,civilian,FBI,1,1,1,not-assessed,high,"John H. Riley and George J. Stock observed and photographed a grey, dome-topped, 30-foot diameter disc-shaped object hovering 200 feet above the ground.",pursue-r3--fbi-uap-d012
INC-0355,1952-08-03,day,night,,"Jackson, Minnesota",USA,,,white,,circling,,visual,2,civilian,FBI,1,1,1,not-assessed,high,"A steady white light was observed circling a farm, and tinsel-like material was found in a pasture in a triangular pattern of burned clover.",65_hs1-834228961_62-hq-83894_section_7
INC-0356,1952-08-08,day,night,,"Savannah River Plant, 400 Area",USA,saucer,,blue with orange fringe,1,high speed; flying,,visual,2,government-civilian,FBI,1,1,1,not-assessed,high,Two employees of the E. I. Du Pont Company observed a saucer-shaped object with a blue light and orange fringe flying at high speed in a northeastern direction.,65_hs1-834228961_62-hq-83894_section_7
INC-0357,1952-08-25,day,morning,0535,field near road,USA,two oval meat platters,"75 feet long, 45 feet wide, 15 feet thick",dull aluminum,1,hovering; vertical ascent,,,1,civilian,USAF,1,1,1,unexplained,high,Musician observed a hovering object with propellers and windows.,pursue-r3--cia-uap-015
INC-0358,1952-08-26,day,unknown,,"West Palm Beach, Florida",USA,disc,30 feet,,,hovered; emitted red blob,,visual,1,civilian,FBI,1,1,1,not-assessed,high,"A scoutmaster observed a 30-foot diameter object that hovered over his head and emitted a red blob, causing him to lose consciousness and leaving singe marks on his cap and arms.",65_hs1-834228961_62-hq-83894_section_7
INC-0359,1952-09-19,day,unknown,,Montana,USA,,,white,,streaked across sky,,visual,unknown,unknown,FBI,1,1,1,not-assessed,medium,A strange white object streaked across the sky for approximately 100 miles.,65_hs1-834228961_62-hq-83894_section_7
INC-0360,1952-09-22,day,night,21:08,"Los Angeles, California",USA,disc,50 feet,yellowish white,1,,4 seconds,visual,1,civilian,IFSB,1,1,1,not-assessed,medium,"A disc-shaped object was observed in the east of Los Angeles, remaining stationary before moving north.",65_hs1-834228961_62-hq-83894_section_7
INC-0361,1952-10-06,day,evening,,New York State,USA,,,,,horizontal flight; circles; rapid acceleration,,visual; photo,1,federal-le,FBI,1,1,1,not-assessed,high,A New York State Trooper observed and photographed an unidentified object traveling horizontally across the sky.,65_hs1-834228961_62-hq-83894_section_7
INC-0362,1952-10-07,day,unknown,,,Japan,,,,,aggressive air defense,,visual,,military-other,CIA,1,1,1,not-assessed,high,Soviet fighter aircraft shot down a US RB-29 flying over Hokkaido.,pursue-r3--cia-uap-003
INC-0363,1952-10-23,day,unknown,,,USA,,,,,flying,,visual; photo,1,military-other,FBI,1,1,1,not-assessed,high,A Navy photographer captured motion-picture film of 12 to 16 flying objects.,65_hs1-834228961_62-hq-83894_section_7
INC-0364,1952-12-03,day,unknown,,Yorkshire,United Kingdom,flying saucer,,,,demonstration,,visual,,military-other; military-pilot,CIA,1,1,1,not-assessed,medium,A 'perfect flying saucer' was observed by high RAF officials and pilots during a demonstration at a Yorkshire airfield.,pursue-r3--cia-uap-014
INC-0365,1952-12-22,day,evening,1930,unknown,USA,,,"white, red",1,move in spurts; level flight; roll; dart back and forth,15 minutes,,1,civilian,USAF,1,1,1,unexplained,high,Instrument technician observed an object moving in spurts and rolling.,pursue-r3--cia-uap-015
INC-0366,1953,year,unknown,,,Soviet Union,,,,,overflight; evasive,,visual; radar,,military-pilot,CIA,1,1,1,not-assessed,high,RAF Canberra overflight of the Soviet missile test range at Kapustin Yar.,pursue-r3--cia-uap-003
INC-0367,1953-04-08,day,midday,11:30,"Fort Buchanan, Puerto Rico",Puerto Rico,ball,unknown,bright,1,,unknown,visual,5,military-other; civilian,USAF,1,1,1,not-assessed,medium,"An unidentified flying object was observed at Fort Buchanan, Puerto Rico, described as a bright star or ball of fire.",65_hs1-834228961_62-hq-83894_section_7
INC-0368,1953-04-20,day,afternoon,14:30,"Long Prairie, Minnesota",USA,round,unknown,dull gray,1,ascended with a low hum,45 seconds,visual,1,civilian,IFSB,1,1,1,not-assessed,medium,"A round object was observed northeast of Long Prairie, Minnesota, traveling east to west.",65_hs1-834228961_62-hq-83894_section_7
INC-0369,1953-05-07,day,night,21:25,"Watertown, Massachusetts",USA,round,unknown,orange,1,traveled horizontally at slow speed,a few seconds,visual,2,civilian,FBI,1,1,1,not-assessed,medium,"A witness observed a round, orange-colored object in a parking lot in Watertown, Massachusetts.",65_hs1-834228961_62-hq-83894_section_7
INC-0370,1953-07-08,day,night,00:00,"Mableton, Georgia",USA,saucer,21 inches long,pinkish,1,running toward saucer,unknown,visual,3,civilian,FBI,1,1,1,not-assessed,medium,"Three men encountered three small animals near a flying saucer on a highway near Mableton, Georgia; one animal was killed by their car.",65_hs1-834228961_62-hq-83894_section_7
INC-0371,1954-05,month,unknown,unknown,"South Berwick, Maine",United States,,,,,telepathic communication,,other,1,civilian,FBI,1,1,1,not-assessed,high,Mrs. Frances Swan reported receiving messages through thought transmission from outer space entities regarding flying saucers.,65_hs1-834228961_62-hq-83894_section_8
INC-0372,1954-05-01,day,night,midnight,"Logan, Utah",United States,streak of light,,,,explosion,,visual,unknown,civilian,FBI,1,1,1,not-assessed,medium,Residents reported a mysterious explosion and crater following a streak of light in the sky.,65_hs1-834228961_62-hq-83894_section_8
INC-0373,1954-07-02,day,afternoon,12:30 p.m.,"Utica, New York",United States,,,,,intercept,,visual; radar,unknown,military-pilot,FBI,1,1,1,not-assessed,medium,A jet fighter crashed while investigating an unidentified aircraft.,65_hs1-834228961_62-hq-83894_section_8
INC-0374,1954-07-23,day,afternoon,2:40 p.m.,"Milford, Ohio",United States,circular or spherical,,silver,,hovering,,visual,2,civilian,FBI,1,1,1,not-assessed,high,Carl R. Keyser and his wife observed a silver circular or spherical object in the sky southeast of their residence.,65_hs1-834228961_62-hq-83894_section_8
INC-0375,1954-08-16,day,afternoon,1700,Antananarivo,Madagascar,rugby ball,40 meters,green,,high speed; hovering,,visual,,civilian,GEPA,1,1,1,unexplained,high,"Large green object observed by hundreds of witnesses, causing animal panic and power outages.",255_413270_ufo's_and_defense_what_should_we_prepare_for
INC-0376,1954-08-27,day,afternoon,4:15 p.m.,"Woodside, California",United States,,,,,explosion,,visual,unknown,civilian,FBI,1,1,1,not-assessed,medium,Residents reported a shower of white-hot metal pellets.,65_hs1-834228961_62-hq-83894_section_8
INC-0377,1954-09,month,unknown,,"Detroit, Michigan",United States,,,,,radio contact,,other,unknown,civilian,FBI,1,1,1,not-assessed,medium,A group of ham operators reported a saucer contact.,65_hs1-834228961_62-hq-83894_section_8
INC-0378,1954-09-05,day,night,10:35 p.m.,"Rockford, Illinois",United States,spherical,,,,ascending,,visual,2,civilian,FBI,1,1,1,not-assessed,medium,Amateur astronomers observed a spherical object ascending near the moon.,65_hs1-834228961_62-hq-83894_section_8
INC-0379,1954-09-18,day,unknown,unknown,"Rome, Italy",Italy,cigar,,,,hovering; ascending,,visual; radar,unknown,civilian,FBI,1,1,1,not-assessed,medium,A cigar-shaped object was observed streaking over Rome and tracked by radar.,65_hs1-834228961_62-hq-83894_section_8
INC-0380,1954-10-16,day,unknown,unknown,"Rovigo, Italy",Italy,disc,,,,landing; ascending,,visual,unknown,civilian,FBI,1,1,1,not-assessed,medium,Villagers reported a silver disc landing in the marshes.,65_hs1-834228961_62-hq-83894_section_8
INC-0381,1955-10-04,day,dusk,1910,Between Atjaty and Adzhijabul,USSR,disc,comparable to a US jet fighter,unknown,2,ascended vertically; revolving clockwise; horizontal flight; high speed; rising rapidly; rotating; whirling; fast spirals; steep climb; missile-like ejection,unknown,visual,3,government-civilian; military-other; contractor; civilian,US Air Attache; CIA,2,3,3,unexplained,high,"Three US observers (Senator Richard Russell, Lt. Col. E.U. Hathaway, and Mr. Ruben Efron) witnessed two unconventional disc-shaped aircraft ascending vertically near a railway line in the Trans-Caucasus region.",341_110677_numerical_file_5-2500; 65_hs1-834228961_62-hq-83894_section_8; pursue-r3--cia-uap-006
INC-0382,1955-11,month,unknown,,Budapest,Hungary,circles,,,12,fast-moving; fast speeding; scientific activity,,visual,,civilian,CIA,1,2,2,not-assessed,medium,"Multiple unidentified flying objects reported over Budapest, Hungary, described as fast-moving flyers traveling at 12,000 km/h.",pursue-r3--cia-uap-018; pursue-r3--cia-uap-013
INC-0383,1956,year,unknown,,Budapest,Hungary,,,,,,,,,,CIA,1,1,1,not-assessed,medium,"UFO sightings reported in Hungary, including a sketch of formation and flight path between Budapest and Moscow.",pursue-r3-record-index
INC-0384,1956-04-06,day,dawn,,"Route 1, North of Henderson, North Carolina",USA,oval,at least as wide as the highway,light blue,1,spinning; zig-zagging; accelerating,,visual,2,government-civilian,FBI,1,1,1,not-assessed,high,"Sylvia L. Richards and Joseph L. Morris, Jr. observed a low-flying oval object while driving on Route 1.",65_hs1-834228961_62-hq-83894_section_8
INC-0385,1956-05-04,day,night,,"Oxford, Pennsylvania",USA,light,,bright yellow,1,traveling; speeding up,,visual,3,civilian,FBI,1,1,1,not-assessed,high,Thomas Gamble observed a bright yellow light traveling toward Baltimore.,65_hs1-834228961_62-hq-83894_section_8
INC-0386,1956-05-18,day,unknown,,Lakenheath,United Kingdom,,,,,inadvertent penetration of radar network,,visual; radar,,military-other,CIA,1,1,1,explained,high,"A U-2 on a training flight from Lakenheath inadvertently penetrated the British radar network, causing RAF fighters to scramble.",pursue-r3--cia-uap-003
INC-0387,1956-06-20,day,unknown,,Poland and East Germany,Poland,,,,,overflight,,photo,,military-pilot,CIA,1,1,1,explained,high,First operational use of a U-2 over Poland and East Germany.,pursue-r3--cia-uap-003
INC-0388,1956-07-04,day,unknown,,Leningrad,Soviet Union,,,,,overflight,,photo,,military-pilot,CIA,1,1,1,explained,high,First overflight of the Soviet Union by U-2 Article 347.,pursue-r3--cia-uap-003
INC-0389,1956-07-05,day,unknown,,Moscow,Soviet Union,,,,,overflight,,photo,,military-pilot,CIA,1,1,1,explained,high,U-2 overflight of Moscow and other targets.,pursue-r3--cia-uap-003
INC-0390,1956-08-13,day,night,,Lakenheath,United Kingdom,,,bright light,,high speed; abrupt stops; maneuvering,,visual; radar,,military-pilot; military-other,USAF,1,1,1,unexplained,high,Multiple radar and visual sightings of unidentified objects moving at high speeds and performing abrupt maneuvers.,255_413270_ufo's_and_defense_what_should_we_prepare_for
INC-0391,1956-11-14,day,night,,"Mobile, AL",USA,,,blue-white,,maneuvering; zooming,,visual,2,military-pilot,FBI,1,1,1,unexplained,high,Pilot reported encountering a brilliant unidentified object that performed violent maneuvers.,65_hs1-834228961_62-hq-83894_sub_a
INC-0392,1956-11-20,day,unknown,,Yerevan,Soviet Union,,,,,overflight,,photo,,military-pilot,CIA,1,1,1,explained,high,U-2 mission 4016 over Soviet Armenia.,pursue-r3--cia-uap-003
INC-0393,1957,year,unknown,,Budapest,Hungary,,,,,,,visual,,unknown,CIA,1,1,1,not-assessed,low,"UFO sightings over Budapest, Hungary.",pursue-r3--cia-uap-009
INC-0394,1957-06-11,day,unknown,,Eastern Range,USA,missile,,,,thrust asymmetry; hardover in pitch; fuel fire,,visual,unknown,,RTI,1,1,1,explained,high,"Atlas 4A launch failure due to fuel supply drop to B2 engine, leading to thrust asymmetry and destruction by safety officer.",dow-uap-d48-report-september-1996
INC-0395,1957-07-17,day,night,0330,Texas,United States,,,"bluish-white, red",,mirroring movements; disappearing; reappearing,,visual; radar; ew,,military-pilot; military-other,USAF,1,1,1,unexplained,high,"RB-47 bomber crew detected an unidentified object via radar and visual observation, with associated microwave emissions.",255_413270_ufo's_and_defense_what_should_we_prepare_for
INC-0396,1957-08-27,day,evening,8:30 p.m.,"Clifton, New Jersey",United States,underwater demolition bomb,,,1,emitting light,,visual,1,military-other,FBI,1,1,1,not-assessed,high,A US Air Force Reserve Captain observed an object resembling an underwater demolition bomb with diamond-shaped holes emitting light.,pursue-r3--fbi-uap-d012
INC-0397,1957-09-25,day,unknown,,Eastern Range,USA,missile,,,,performance drop; engine shutdown,,visual,unknown,,RTI,1,1,1,explained,high,Atlas 6A launch failure due to loss of LOX regulator in booster gas generator.,dow-uap-d48-report-september-1996
INC-0398,1957-10-10,day,unknown,,"Vernal, Utah",,looked like the moon,,blue,,landed,,visual,,,FBI,1,1,1,explained,medium,"An unknown object described as looking like the moon and trailing a pulsing blue flame was reported in Vernal, Utah.",65_hs1-834228961_62-hq-83894_section_9
INC-0399,1957-11-02,day,night,,"Levelland, TX",USA,egg-shaped,200 feet long,blinding-red,,landing; hovering; causing mechanical failure,,visual,5,civilian; federal-le,FBI,1,1,1,unexplained,high,Multiple witnesses reported an egg-shaped object that caused car engines and headlights to fail.,65_hs1-834228961_62-hq-83894_sub_a
INC-0400,1957-11-05,day,dawn,,Gulf of Mexico,USA,bright point of light,,bright,,hovering; erratic flight,,radar; visual,4,military-other,FBI,1,1,1,partially-explained,high,Coast Guard cutter Sebago tracked an unidentified object on radar.,65_hs1-834228961_62-hq-83894_sub_a
INC-0401,1957-11-05,day,afternoon,,"Kearney, NE",USA,cigar-shaped,100 feet long,green,,landing; hovering; blending into sky,,visual,1,civilian,FBI,1,1,1,unexplained,high,Reinhold O. Schmidt reported landing of a space ship and meeting occupants.,65_hs1-834228961_62-hq-83894_sub_a
INC-0402,1957-11-05,day,afternoon,,"Glen Ridge, New Jersey",United States,cylindrical,,dark silver,1,moving; returned,,visual,4,civilian,FBI,1,1,1,not-assessed,high,"A family observed a long, cylindrical, dark silver object with fins moving northeast, then returning at dusk.",pursue-r3--fbi-uap-d012
INC-0403,1957-11-06,day,night,,"Old Brookville, Long Island, New York",USA,light,,red,2,hovering; joining together,,visual,multiple,civilian; federal-le,FBI,1,1,1,not-assessed,medium,Residents and police reported two red lights hovering and joining together.,65_hs1-834228961_62-hq-83894_section_8
INC-0404,1957-11-12,day,night,11:15 p.m.,"New York City, New York",United States,,,,1,stationary; fluctuating lights,,visual,1,civilian,FBI,1,1,1,not-assessed,high,Witness observed a stationary object over New York City with fast fluctuating red and blue lights.,pursue-r3--fbi-uap-d012
INC-0405,1957-12-05,day,evening,20:05,"Torrington, Connecticut",,,,,,,,,unknown,,FBI,1,1,1,not-assessed,medium,"A report of an unidentified flying object near Torrington, Connecticut.",65_hs1-834228961_62-hq-83894_section_9
INC-0406,1958,year,unknown,,,"Detroit, MI",circular,,,,,,visual,1,civilian,FBI,1,1,1,unexplained,medium,Detroit man reported a circular object with a crystal-type dome.,pursue-r1-record-index
INC-0407,1958-01-13,day,night,,"Sachs Air Force Base, Oklahoma",USA,disc,,yellowish,,rotating; stationary; moving slowly; merged; disappear,,visual,1,military-other,USAF,1,1,1,not-assessed,high,Air Force personnel observed a disc-shaped object that merged with a second object.,65_hs1-834228961_62-hq-83894_section_6
INC-0408,1958-02-07,day,unknown,,Eastern Range,USA,missile,,,,propellant sloshing; missile instability; breakup,,visual,unknown,,RTI,1,1,1,explained,high,Atlas 13A launch failure due to B2 turbopump/engine failure and aerodynamic heating.,dow-uap-d48-report-september-1996
INC-0409,1958-02-11,day,midday,12:25 p.m.,"Union, New Jersey",United States,bullet,,silver,1,flying south; vapor trail,,visual,1,civilian,FBI,1,1,1,not-assessed,high,"Witness observed a bullet-shaped, silver object flying at high altitude with a vapor trail.",pursue-r3--fbi-uap-d012
INC-0410,1958-02-20,day,unknown,,Eastern Range,USA,missile,,,,divergent oscillations; hardover,,visual,unknown,,RTI,1,1,1,explained,high,Atlas 11A launch failure due to flight control system component failure.,dow-uap-d48-report-september-1996
INC-0411,1958-04-05,day,unknown,,Eastern Range,USA,missile,,,,premature shutdown,,visual,unknown,,RTI,1,1,1,explained,high,Atlas 15A launch failure due to B1 turbopump failure.,dow-uap-d48-report-september-1996
INC-0412,1958-04-12,day,afternoon,3:30 p.m.,"Perth Amboy, New Jersey",United States,rocket,,,1,flaming; descending,,visual,2,civilian,FBI,1,1,1,not-assessed,high,Witnesses observed a flaming rocket-like object descending from the sky.,pursue-r3--fbi-uap-d012
INC-0413,1958-04-17,day,night,04:08,"Detroit, Michigan",United States,circular,unknown,unknown,1,passing in a northern direction,unknown,visual,1,civilian,FBI,1,1,1,not-assessed,high,A Detroit resident reported seeing a circular object with a crystal-type dome reflecting lights moving in a northern direction.,65_hs1-101634279_100-de-18221_serial_844
INC-0414,1958-12-14,day,night,12:13 a.m.,"Jersey City and Woodbridge, New Jersey",United States,meteorite or comet,,bluish-white,multiple,flaming; high speed,,visual,10+,federal-le; civilian,FBI,1,1,1,explained,medium,"Multiple reports of bright objects with bluish-white flames, initially suspected to be meteors.",pursue-r3--fbi-uap-d012
INC-0415,1959-01-03,day,afternoon,4:55 p.m.,"Old Bridge, New Jersey",United States,,six foot long,orange,2,flying side by side; reversed course,,visual,2,civilian,FBI,1,1,1,not-assessed,high,"Witnesses observed two orange, six-foot long objects flying side by side.",pursue-r3--fbi-uap-d012
INC-0416,1959-02-24,day,night,,"Between Philipsburg and Bradford, PA",USA,saucer,,bright whitish,,accompanying aircraft; lost in haze,,visual,35 passengers plus crew,civilian; military-other,FBI,1,1,1,not-assessed,high,Pilot reported three shining saucer-like objects accompanying his DC6 passenger plane for 45 minutes.,65_hs1-834228961_62-hq-83894_sub_a
INC-0417,1959-02-26,day,evening,6:37 p.m.,"Levittown, New Jersey",United States,,,silver,1,,,visual,1,civilian,FBI,1,1,1,not-assessed,high,Witness observed a silver object at a considerable distance.,pursue-r3--fbi-uap-d012
INC-0418,1959-04-22,day,night,10:15 p.m.,"Fanwood, New Jersey",United States,,,,multiple,changing color; dividing and recombining,,visual,1,civilian,FBI,1,1,1,not-assessed,high,Witness observed lights changing color and dividing/recombining in the air.,pursue-r3--fbi-uap-d012
INC-0419,1959-10-28,day,afternoon,5:40 p.m.,New Jersey,United States,,,,1,twinkling; vapor trail,,visual,7+,civilian,FBI,1,1,1,not-assessed,medium,Multiple reports of a bright object with twinkling lights surrounded by haze.,pursue-r3--fbi-uap-d012
INC-0420,1960-01-16,day,evening,5:45 p.m.,"Bloomfield and Springfield, New Jersey",United States,,,,1,stationary; disappeared,,visual,4+,civilian,FBI,1,1,1,not-assessed,medium,"Multiple reports of a bright object with a hazy outline, stationary in the sky.",pursue-r3--fbi-uap-d012
INC-0421,1960-02-21,day,night,01:00,"Grand Blanc, Michigan",,oval,,fluorescent glow,,moving,,photo,1,civilian,FBI,1,1,1,not-assessed,high,Joseph Perry observed an unidentified flying object in a photograph he took of the moon.,65_hs1-834228961_62-hq-83894_section_9
INC-0422,1960-04-09,day,unknown,,Saryshagan,Soviet Union,,,,,overflight,,photo,,military-pilot,CIA,1,1,1,explained,high,U-2 mission 4155 over Saryshagan and Tyuratam.,pursue-r3--cia-uap-003
INC-0423,1960-04-17,day,unknown,,"Phipps Auditorium, City Park, Denver, Colorado",USA,,,,,lecture; movie presentation,,visual,250,civilian,FBI,1,1,1,not-assessed,high,"George W. Van Tassel gave a lecture at Phipps Auditorium in Denver, Colorado, discussing UFOs, religious-economic theories, and claims of contact with space people.",65_hs1-834228961_62-hq-83894_section_9
INC-0424,1960-05-01,day,unknown,,Sverdlovsk,Soviet Union,U-2 aircraft,,,,shot down; overflight,,visual; radar,1,military-pilot,CIA,1,1,3,explained,high,Francis Gary Powers' U-2 shot down over the Soviet Union.,pursue-r3--cia-uap-003; pursue-r3--cia-uap-003; pursue-r3--cia-uap-003
INC-0425,1960-05-03,day,unknown,,"Grand Blanc, Michigan",USA,,,,,photographed,,photo,,civilian,FBI,1,1,1,explained,medium,"Joseph Perry of Grand Blanc, Michigan, claimed a photograph of the moon contained a flying object. The Air Force stated it was a development error.",65_hs1-834228961_62-hq-83894_section_9
INC-0426,1961-01-24,day,unknown,,,,,,,,loss of stability; sustained turn,,,,,RTI,1,1,1,unexplained,medium,Atlas 8E launch failure resulting in loss of stability and impact 1316 miles downrange and 215 miles crossrange.,dow-uap-d48-report-september-1996
INC-0427,1961-02-05,day,evening,7:00 p.m.,"Westfield, New Jersey",United States,round to lateral,,,3,changed shape,,visual,4,civilian,FBI,1,1,1,not-assessed,high,Witness reported seeing three objects that changed from round to lateral/spectral shapes.,pursue-r3--fbi-uap-d012
INC-0428,1961-07-21,day,unknown,,North Atlantic Ocean,unknown,unknown,,,,not activating,,,,unknown,NASA,1,1,1,not-assessed,medium,Recovery team discusses dye pack failure.,pursue-r2-record-index
INC-0429,1961-09-13,day,evening,8:00 p.m.,"Elizabeth and New Brunswick, New Jersey",United States,,,reddish or tangerine,1,increased in size,,visual,3,civilian; scientist,FBI,1,1,1,not-assessed,medium,Witnesses reported a very bright object with reddish/tangerine color that increased in size.,pursue-r3--fbi-uap-d012
INC-0430,1961-09-25,day,morning,,"Cincinnati, Ohio",USA,,,,,anonymous phone call,,,,civilian,FBI,1,1,1,not-assessed,high,"Leonard H. Stringfield received an anonymous phone call warning of a flurry of UFO sightings between October 15 and 19, 1961, linked to Russian nuclear tests.",65_hs1-834228961_62-hq-83894_section_9
INC-0431,1961-10-06,day,unknown,,,,,,,,guidance error,,,,,RTI,1,1,1,explained,medium,Titan M-4 launch failure resulting in impact 86 miles short and 14 miles right of target.,dow-uap-d48-report-september-1996
INC-0432,1962-02-20,day,dawn,,orbital space,n/a,luminous particles,,yellow-green,,traveling with spacecraft; moving at same speed and direction; repulsive charge effect near spacecraft; luminous band; haze layer,,visual,1,astronaut,NASA,1,1,2,explained,high,Astronaut John Glenn reported seeing thousands of luminous particles traveling with the Friendship-7 spacecraft at sunrise.,pursue-r3--nasa-uap-d015; pursue-r3--nasa-uap-d015
INC-0433,1962-04,month,unknown,,,USA,,,,,flying,,visual; photo,1,military-pilot,NASA,1,1,1,unexplained,high,NASA pilot Joseph Walker filmed five or six UFOs during an X-15 flight.,pursue-r3--usg-uap-d001
INC-0434,1962-05-22,day,unknown,,,Africa,,,,,protected by force field,,other,,civilian,FBI,1,1,1,unexplained,medium,"An antimissile missile was fired at a UFO over Africa, but the object was protected by a force field.",65_hs1-834228961_62-hq-83894_section_10
INC-0435,1962-05-24,day,unknown,,Low Earth Orbit,unknown,unknown,,,,moving at random,,,,astronaut,NASA,1,1,1,not-assessed,high,Pilot describes white particles moving like snowflakes.,pursue-r2-record-index
INC-0436,1962-05-24,day,unknown,,orbital space,n/a,,,,,luminous band; continuous around horizon,,visual,1,astronaut,NASA,1,1,1,explained,high,Astronaut Scott Carpenter observed a luminous band around the horizon using an airglow filter.,pursue-r3--nasa-uap-d015
INC-0437,1962-07-17,day,unknown,,,USA,,,grayish,,flying,,visual,1,military-pilot,USAF,1,1,1,unexplained,high,Major Robert White reported a grayish object during an X-15 flight.,pursue-r3--usg-uap-d001
INC-0438,1962-07-22,day,unknown,,,,,,,,erroneous guidance; abnormal maneuvers,,,,,RTI,1,1,1,explained,medium,Atlas 145D launch failure involving erroneous guidance commands and abnormal maneuvers.,dow-uap-d48-report-september-1996
INC-0439,1962-09-08,day,unknown,,,China,U-2 aircraft,,,,overflight,,visual; radar,1,military-pilot,CIA,1,1,1,explained,high,A U-2 aircraft with a Nationalist Chinese pilot was shot down over the People's Republic of China.,pursue-r3--cia-uap-003
INC-0440,1962-10-03,day,unknown,,Low Earth Orbit,unknown,unknown,,,,drifting,,,,astronaut,NASA,1,1,1,not-assessed,high,Pilot describes white objects drifting from capsule.,pursue-r2-record-index
INC-0441,1962-10-03,day,unknown,,South Atlantic/Indian Ocean region,unknown,layer,10 degrees thick,brownish-gray,1,stationary relative to stars; diffuse,1-3 minutes,visual,1,military-pilot,NASA,1,1,1,partially-explained,high,Astronaut Schirra observed a luminous brownish smog-like layer or belt while in orbit over the Indian Ocean/Africa region.,pursue-r3--nasa-uap-d015
INC-0442,1962-10-27,day,unknown,,,Cuba,U-2 aircraft,,,,overflight,,visual; radar,1,military-pilot,USAF,1,1,1,explained,high,"A U-2C aircraft was shot down over Cuba, killing the pilot, Maj. Rudolph Anderson.",pursue-r3--cia-uap-003
INC-0443,1963-05-15,day,unknown,,Low Earth Orbit,unknown,unknown,,,,drifting,,,,astronaut,NASA,1,1,2,explained,high,Pilot observes fireflies.,pursue-r2-record-index; pursue-r2-record-index
INC-0444,1963-05-15,day,unknown,,Muchea,Australia,,,greenish,,approaching capsule,,visual; radar,1,military-pilot,NASA,1,1,1,unexplained,high,"Major Gordon Cooper reported seeing a glowing, greenish object approaching his Mercury capsule during his 22nd orbit.",pursue-r3--usg-uap-d001
INC-0445,1963-05-16,day,night,,orbital space,n/a,,,,,flashing; drifting; glowing; streaming; moving away from spacecraft,,visual,1,astronaut,NASA,1,1,2,explained,high,Astronaut Gordon Cooper observed a flashing light beacon ejected from the spacecraft.,pursue-r3--nasa-uap-d015; pursue-r3--nasa-uap-d015
INC-0446,1963-05-24,day,unknown,,"Wendover, Utah",United States,A-12,,,,crash,,other,,military-pilot,CIA,1,1,1,explained,high,"A-12 crash near Wendover, Utah due to ice in pitot-static tube.",pursue-r3--cia-uap-003
INC-0447,1963-11-01,day,unknown,,,China,U-2 aircraft,,,,overflight,,visual; radar,1,military-pilot,CIA,1,1,1,explained,high,A Nationalist Chinese U-2 pilot was shot down over the PRC.,pursue-r3--cia-uap-003
INC-0448,1963-12-07,day,unknown,,"Moorestown, New Jersey",,,,,,laying air mines,,visual,,civilian,FBI,1,1,1,explained,high,"Observation of an unusual object in the sky near Moorestown, New Jersey, which the witness associated with a subsequent plane crash in Elkton, Maryland.",65_hs1-834228961_62-hq-83894_section_10
INC-0449,1964-04-24,day,afternoon,17:50,"Socorro, New Mexico",USA,oval,20 feet long,whitish,1,landed; hovered; took off at high speed; took off; emitted roar; emitted flame; landing; lifting off,approximately 20 seconds,visual,1,federal-le; civilian,FBI; The Sunday Press,2,3,3,unexplained,high,"Lonnie Zamora, a Socorro police officer, observed a landed oval-shaped object with two occupants in white coveralls, which then took off with a roar and flames.",65_hs1-834228961_62-hq-83894_section_9; 65_hs1-834228961_62-hq-83894_serial_438; 65_hs1-834228961_62-hq-83894_serial_449
INC-0450,1964-04-26,day,night,01:00,"La Maderia, New Mexico",USA,butane tank,12-14 feet high,,,stationary; flaming,,visual,,civilian,FBI,1,1,1,unexplained,high,"Orlando Gallegos observed a butane-tank-shaped object at La Maderia, New Mexico, surrounded by a blue-white flame.",65_hs1-834228961_62-hq-83894_section_9
INC-0451,1964-05-30,day,night,9:50 p.m.,"Bayonne, New Jersey",United States,round,,gray,5,flying north to south,,visual,1,civilian,FBI,1,1,1,not-assessed,high,"Witness observed five round, gray objects in a diamond formation.",pursue-r3--fbi-uap-d012
INC-0452,1964-07-07,day,unknown,,,China,U-2 aircraft,,,,overflight,,visual; radar,1,military-pilot,CIA,1,1,1,explained,high,A Nationalist Chinese U-2 pilot was shot down over the PRC.,pursue-r3--cia-uap-003
INC-0453,1964-07-09,day,unknown,,Nevada,United States,A-12,,,,crash,,other,,military-pilot,CIA,1,1,1,explained,high,A-12 article 133 crash during landing due to frozen pitch-control servo.,pursue-r3--cia-uap-003
INC-0454,1964-07-18,day,unknown,,,,,,,,,,visual,,civilian,Harvard College Observatory,1,1,1,explained,high,Observation of a bright meteor (fireball/bolide) reported to the Harvard College Observatory.,65_hs1-834228961_62-hq-83894_section_10
INC-0455,1965,year,night,,,unknown,Aurora-like,,bright green,,changed color; altered airglow height; appeared as a definitive glow,,visual,2,astronaut,NASA,1,1,1,unexplained,high,Astronauts observed a bright green Aurora-like light in the airglow layer that changed color and affected the airglow's appearance.,pursue-r3--nasa-uap-d020
INC-0456,1965,year,unknown,,,unknown,large object,,,,reentering; trailing,,visual,2,astronaut,NASA,1,1,1,not-assessed,high,Astronauts observed a large object reentering behind the spacecraft during the reentry phase.,pursue-r3--nasa-uap-d020
INC-0457,1965-03-02,day,unknown,,,USA,,,,,lost thrust; fell back on launch pad; destroyed,,,,,Department of War,1,1,1,explained,high,"Atlas booster fuel-pump pressure dropped due to a fuel pre-valve failure, booster lost thrust, fell back on launch pad, and was destroyed.",dow-uap-d48-report-september-1996
INC-0458,1965-05-27,day,unknown,,,USA,,,,,decreasing performance; explosion; vehicle breakup,,,,,Department of War,1,1,1,explained,high,"Booster gas-generator loop failure resulted in decreasing performance, explosion in thrust section, and vehicle breakup.",dow-uap-d48-report-september-1996
INC-0459,1965-06,month,unknown,,Hawaii,USA,metallic object with arms,,,,passing over,,visual; photo,2,military-pilot,NASA,1,1,1,unexplained,high,Astronauts Ed White and James McDivitt observed a metallic object with arms while passing over Hawaii.,pursue-r3--usg-uap-d001
INC-0460,1965-06-03,day,unknown,,,unknown,,,,,floating; moving away from spacecraft; bright particles,,visual,2,astronaut,NASA,1,1,2,unexplained,high,Astronauts McDivitt and White observed bright particles outside the Gemini IV spacecraft.,pursue-r3--nasa-uap-d018; pursue-r3--nasa-uap-d018
INC-0461,1965-06-09,day,night,unknown,Earth orbit,unknown,particles,small,bright,thousands,floating; sparkling; radiating; wiggling; moving; reflecting,unknown,visual,2,astronaut,NASA,1,2,3,explained,high,Astronaut Ed White observes 'sparkles' during the Gemini 4 flight.,pursue-r3--nasa-uap-d016; pursue-r3--nasa-uap-d017; pursue-r3--nasa-uap-d017
INC-0462,1965-06-09,day,unknown,unknown,North Atlantic Ocean,unknown,point of light,small,bright,1,flickering; appearing low on the horizon; floating away from spacecraft,unknown,visual,2,astronaut,NASA,1,2,2,explained,high,"Astronauts McDivitt and White observed a planet (likely Venus) during the Gemini 4 flight, which they initially mistook for the booster rocket.",pursue-r3--nasa-uap-d016; pursue-r3--nasa-uap-d017
INC-0463,1965-07-01,day,dawn,0600,Valensole,France,Dauphine automobile,,,,landed; vertical ascent,,visual,,civilian,Gendarmerie Nationale,1,1,1,unexplained,high,"Witness observed a landed object and two small beings, resulting in temporary paralysis.",255_413270_ufo's_and_defense_what_should_we_prepare_for
INC-0464,1965-07-12,day,unknown,,,USA,,,,,sustainer shutdown; wild uprange movements,,,,,Department of War,1,1,1,explained,high,Circuit board failure caused sustainer shutdown at BECO; Agena ignition created wild uprange movements on IP display.,dow-uap-d48-report-september-1996
INC-0465,1965-08-24,day,unknown,,Low Earth Orbit,United States,missile,,,,streaked through space,,visual; ir,2,astronaut,NASA,1,1,1,explained,high,Astronauts Cooper and Conrad tracked a Minuteman ICBM launched from Vandenberg AFB while in orbit.,pursue-r3--nasa-uap-d018
INC-0466,1965-08-24,day,unknown,,Japan,Japan,,,,,stationary,,visual,2,military-pilot,NASA,1,1,1,explained,high,Gemini 5 crew observed a cyclone off Japan.,pursue-r3--nasa-uap-d019
INC-0467,1965-08-24,day,unknown,,Pacific Ocean,,,,,,stationary,,visual; photo,2,military-pilot,NASA,1,1,1,explained,high,Gemini 5 crew observed a recovery ship (Lake Champlain) visually.,pursue-r3--nasa-uap-d019
INC-0468,1965-08-25,day,unknown,,Low Earth Orbit,United States,missile,,,,streaked through space,,visual,2,astronaut,NASA,1,1,1,explained,high,Astronauts Cooper and Conrad tracked a second Minuteman ICBM launch from Vandenberg AFB.,pursue-r3--nasa-uap-d018
INC-0469,1965-08-26,day,unknown,,Tibet,China,,,,,jamming; pulsing,,ew,2,military-pilot,NASA,1,1,1,partially-explained,high,Gemini 5 crew observed unidentified radar signals while over China/Tibet.,pursue-r3--nasa-uap-d019
INC-0470,1965-08-30,day,unknown,unknown,"Cape Kennedy, Florida",USA,unknown,unknown,unknown,unknown,fogging; freezing; stationary; flying; impacting,unknown,visual,2,military-pilot,NASA,1,1,3,not-assessed,high,Gemini 5 crew reported window fogging and frozen condensation between the outer panes of glass during countdown.,pursue-r3--nasa-uap-d019; pursue-r3--nasa-uap-d019; pursue-r3--nasa-uap-d019
INC-0471,1965-08-30,day,unknown,,,unknown,,,,many,floating; drifting,,visual,2,astronaut,NASA,1,1,4,not-assessed,high,"Astronauts observed debris, 'snow', and glittering pieces floating outside the spacecraft during orbital flight.",pursue-r3--nasa-uap-d020; pursue-r3--nasa-uap-d020; pursue-r3--nasa-uap-d020; pursue-r3--nasa-uap-d020
INC-0472,1965-08-31,day,unknown,unknown,orbital,unknown,unknown,unknown,unknown,2,impacting,instantaneous,other,2,military-pilot,NASA,1,1,1,unexplained,high,"Crew reported hearing two distinct 'ding' sounds on the hatch, similar to a pellet or BB impact, while in orbit.",pursue-r3--nasa-uap-d019
INC-0473,1965-10-25,day,unknown,,,USA,,,,,engine shut down; tanks burst,,,,,Department of War,1,1,1,explained,high,Agena engine shut down after one second; helium pressurization system continued until tanks burst.,dow-uap-d48-report-september-1996
INC-0474,1965-12,month,unknown,,,USA,,,,,sighting,,visual,2,military-pilot,NASA,1,1,1,unexplained,high,Astronauts James Lovell and Frank Borman reported a bogey during their Gemini 7 flight.,pursue-r3--usg-uap-d001
INC-0475,1965-12-05,day,unknown,,Low Earth Orbit,unknown,,,,hundreds,tumbling; moving in path at 90 degrees; going into polar orbit,,visual,1,astronaut,NASA,1,2,3,unexplained,high,Astronaut Frank Borman reported a 'bogey' at ten o'clock high during the Gemini 7 mission.,255_t_763_r1b_transcripts; 255_t_763_r1b_transcripts; pursue-r1-record-index
INC-0476,1965-12-20,day,unknown,,,unknown,,,,,passing underneath,,visual,2,military-pilot,NASA,1,1,1,not-assessed,high,Gemini 7 crew observed a satellite passing underneath them while in orbit.,pursue-r3--nasa-uap-d021
INC-0477,1965-12-28,day,unknown,,Nevada,United States,A-12,,,,crash,,other,,military-pilot,CIA,1,1,1,explained,high,A-12 article 126 crash after takeoff due to wiring error.,pursue-r3--cia-uap-003
INC-0478,1966,year,unknown,,"Princeton, West Virginia",USA,,,,,,,visual,1,federal-le,FBI,1,1,1,not-assessed,high,"Police Chief Joe Thorn reported seeing two UFOs, one under low cloud cover in daylight and another at 2,000 feet altitude.",65_hs1-834228961_62-hq-83894_section_10
INC-0479,1966,year,unknown,,,,,,,,,,,,,CIA,1,1,1,not-assessed,medium,Michigan sightings identified by USAF as swamp gas,pursue-r3--cia-uap-019
INC-0480,1966-02-03,day,night,,Pretoria,South Africa,spinning top,30 feet in diameter,"copper, flaming",1,landing; silent high-speed takeoff,,visual,2,federal-le,Associated Press,1,1,1,not-assessed,high,"Two police officers observed a flaming, copper-colored object on a highway.",65_hs1-834228961_62-hq-83894_serial_449
INC-0481,1966-03-04,day,unknown,,,USA,,,,,"spiraling; loss of stability; varying pitch, roll, and yaw rates",,,,,Department of War,1,1,1,explained,high,"Missile spiraling due to hydraulic system failure during staging; telemetry indicated rapidly varying pitch, roll, and yaw rates.",dow-uap-d48-report-september-1996
INC-0482,1966-03-19,day,unknown,,,USA,,,,,impacted beyond target,,,,,Department of War,1,1,1,explained,high,Reentry vehicle impacted 82 miles beyond target when head suppression valve failed to close at SECO.,dow-uap-d48-report-september-1996
INC-0483,1966-03-21,day,evening,,"Detroit, Michigan",USA,,,white,,moving north; stopped; moving east; motionless; rotating; flashing,,visual,1,civilian,FBI,1,1,5,not-assessed,medium,A 17-year-old boy reported seeing a high-altitude object with white lights moving north from the southwest.,65_hs1-834228961_62-hq-83894_section_10; 65_hs1-834228961_62-hq-83894_section_10; 65_hs1-834228961_62-hq-83894_section_10; 65_hs1-834228961_62-hq-83894_section_10; 65_hs1-834228961_62-hq-83894_section_10
INC-0484,1966-03-25,day,morning,,"Wichita, Kansas",USA,doughnut,25 feet in diameter,"purple, red, orange, green",2,hovering; spinning; landing,,visual,1,civilian,Wichita Beacon,1,1,1,not-assessed,high,"Johnny Sparks, 11, reported seeing two saucer-shaped objects with legs that landed in his driveway.",65_hs1-834228961_62-hq-83894_serial_449
INC-0485,1966-03-26,day,night,,"Bloomingdale, New York",USA,"flat bottom, rounded top",length of a car,"silvery, red, yellow",1,hovering; flashing; vertical ascent,,visual,2,civilian,The Sun-Bulletin,1,1,1,not-assessed,high,Two boys observed a hovering object with flashing lights over a swamp.,65_hs1-834228961_62-hq-83894_serial_449
INC-0486,1966-04-04,day,unknown,,"Hamilton, Ontario",Canada,"eight feet long, four feet wide",,"blue, green",2,landing; flickering,,visual,1,civilian,The Montreal Star,1,1,1,not-assessed,high,"Charles Cozens reported touching the antenna of a glowing flying ship, resulting in a burn.",65_hs1-834228961_62-hq-83894_serial_449
INC-0487,1966-04-07,day,night,,"North Bend, Washington",USA,saucer-like,,"blue-grayish, white",1,moving; hovering; rapid maneuvers; tumbling; fuel starvation,,visual,4,civilian,unknown; Department of War,2,2,2,explained,high,Louis S. Smith family observed a saucer-shaped object using binoculars and a telescope.,65_hs1-834228961_62-hq-83894_serial_449; dow-uap-d48-report-september-1996
INC-0488,1966-05-03,day,unknown,,,USA,,,,,roll and pitch rates increased; stability lost,,,,,Department of War,1,1,1,explained,high,Sustainer pitch-actuator feedback-loop failed; roll and pitch rates increased; vehicle stability lost.,dow-uap-d48-report-september-1996
INC-0489,1966-05-16,day,unknown,,"St. Helens, Lancs.",UK,"oval, cup-shaped dome",,white,6,hovering; disappearing at speed,,visual,2,federal-le,Daily Sketch,1,1,1,not-assessed,high,Police Constable Donald Cameron observed six glowing objects from his home.,65_hs1-834228961_62-hq-83894_serial_449
INC-0490,1966-05-17,day,unknown,,,,,,,,loss of pitch control; abnormal attitude,,,,,RTI,1,1,1,explained,medium,Atlas SLV-3 launch failure resulting in loss of pitch control and abnormal attitude.,dow-uap-d48-report-september-1996
INC-0491,1966-05-17,day,unknown,,,USA,,,,,unstable; pitch-down maneuver,,,,,Department of War,1,1,1,explained,high,Vehicle became unstable after loss of pitch control; pitch-down maneuver greater than 90 degrees.,dow-uap-d48-report-september-1996
INC-0492,1966-06-03,day,unknown,,Low Earth Orbit,unknown,,,,,flashing; sparkling,,visual,2,military-pilot,NASA,1,1,1,not-assessed,medium,Astronauts observed flashing lights and sparkles during the Gemini IX mission.,pursue-r3--nasa-uap-d022
INC-0493,1966-06-10,day,unknown,,,USA,,,,,undershot target,,,,,Department of War,1,1,1,explained,high,Reentry vehicle undershot target by 20 miles due to vernier engine shutdown caused by helium pressure decay.,dow-uap-d48-report-september-1996
INC-0494,1966-07-11,day,night,10:00 p.m.,"West Orange, New Jersey",United States,,,white,3,disappeared,,visual,2,civilian,FBI,1,1,1,not-assessed,high,Witnesses observed three white objects that disappeared when planes approached.,pursue-r3--fbi-uap-d012
INC-0495,1966-09-07,day,morning,11:40 a.m.,"Mannheim-Frankfurt, Germany",Germany,cigarette,,white,40-50,flight; formation,,visual; photo,3,civilian,FBI,1,1,1,not-assessed,high,Fred Steckling filmed an armada of 40-50 UFOs while traveling by train between Mannheim and Frankfurt.,65_hs1-834228961_62-hq-83894_section_10
INC-0496,1966-10-11,day,unknown,,,USA,,,,,lose thrust; breakup,,,,,Department of War,1,1,1,unexplained,high,Missile appeared to lose thrust and breakup; major pieces impacted 32 to 40 miles downrange.,dow-uap-d48-report-september-1996
INC-0497,1967-01-05,day,unknown,,Nevada,United States,A-12,,,,crash,,other,,military-pilot,CIA,1,1,1,explained,high,A-12 crash due to fuel gauge malfunction.,pursue-r3--cia-uap-003
INC-0498,1967-01-18,day,night,04:10 a.m.,"Chesapeake, Virginia",USA,oblong,,,1,landed; abduction,1 hour,visual,1,civilian,FBI,1,1,1,not-assessed,high,"James C. Collins reported being abducted by a craft manned by small creatures after observing it land in the street in Chesapeake, Virginia.",65_hs1-834228961_62-hq-83894_section_10
INC-0499,1967-01-21,day,morning,7:00 a.m.,"Florham Park, New Jersey",United States,inverted saucer,25 feet,,1,hovering,,visual; photo,1,civilian,FBI,1,1,1,not-assessed,high,Witness observed an inverted saucer-shaped object with a turret.,pursue-r3--fbi-uap-d012
INC-0500,1967-03-02,day,morning,10:30 a.m. - 11:00 a.m.,"White Sands Missile Range, New Mexico",USA,disc,,silvery,1+,flight; disappeared,,visual; radar,29,military-other; government-civilian,FBI,1,1,1,not-assessed,medium,At least 29 personnel at White Sands Missile Range observed one or more UFOs moving at high speed.,65_hs1-834228961_62-hq-83894_section_10
INC-0501,1967-04-14,day,evening,8:05 p.m.,"Victoria, British Columbia",Canada,,,red and green,1,hovering,,visual,3,civilian,FBI,1,1,1,not-assessed,medium,Two boys and a woman reported seeing red and green lights hovering over the Uplands residential district.,65_hs1-834228961_62-hq-83894_section_10
INC-0502,1967-08-06,day,unknown,,,unknown,,,,,,,radar,,civilian,FBI,1,1,1,unexplained,medium,"A UFO was detected by radar 22,000 miles from Earth.",65_hs1-834228961_62-hq-83894_section_10
INC-0503,1967-08-20,day,unknown,,,Antarctica,,,,,,,other,,civilian,FBI,1,1,1,unexplained,medium,A UFO was detected over Antarctica.,65_hs1-834228961_62-hq-83894_section_10
INC-0504,1967-08-29,day,morning,1030,Cussac,France,sphere,,,,hovering; spiral movement,,visual,,civilian,GEPAN,1,1,1,unexplained,high,"Two children observed four small beings and a sphere, accompanied by a hissing sound and sulfur odor.",255_413270_ufo's_and_defense_what_should_we_prepare_for
INC-0505,1967-09-08,day,unknown,,,China,U-2 aircraft,,,,overflight,,visual; radar,1,military-pilot,CIA,1,1,1,explained,high,A U-2C aircraft was shot down in the vicinity of Shanghai.,pursue-r3--cia-uap-003
INC-0506,1967-10,day,unknown,,,unknown,,,,,shot down,,other,,civilian,FBI,1,1,1,unexplained,medium,A UFO was detected over the Dewline and reportedly shot down.,65_hs1-834228961_62-hq-83894_section_10
INC-0507,1967-10-27,day,unknown,,,USA,,,,,tumbling; breakup,,,,,Department of War,1,1,1,partially-explained,high,"Diverging roll oscillations, tumbling, and breakup of vehicle.",dow-uap-d48-report-september-1996
INC-0508,1968-02,month,unknown,,"Ladakh, Nepal, Sikkim, Bhutan","Nepal, India, Bhutan",,,,,,,,,,CIA,1,1,1,not-assessed,medium,"Seven UFO sightings reported in Ladakh, Nepal, Sikkim, and Bhutan.",pursue-r3-record-index
INC-0509,1968-02-19,day,unknown,,"Walungchung-Gola and Dhurisa, North-East Nepal",Nepal,long and thin,,red,,fast-moving; emitting light; sonic boom,,visual,,,CIA,1,1,1,not-assessed,medium,"Fast-moving, long, thin object seen over Walungchung-Gola and Dhurisa, causing daylight-level brightness and thunderous sound.",pursue-r3--cia-uap-016
INC-0510,1968-02-19,day,unknown,,"Lachung, Lachen, Thangu, Muguthang and Chholhamu, Sikkim",India,,,,,emitting light; sonic boom,,visual,,,CIA,1,1,1,not-assessed,medium,"Object seen over Lachung, Lachen, Thangu, Muguthang and Chholhamu, emitting light from a tail and producing thunderous sound.",pursue-r3--cia-uap-016
INC-0511,1968-02-21,day,night,2130,Thimpu,Bhutan,,,,,circular path; smoke trail,,visual,,,CIA,1,1,1,not-assessed,medium,Object following a circular path leaving a smoke trail.,pursue-r3--cia-uap-016
INC-0512,1968-03-04,day,midday,1300,"Chang La, Fukche, and Koyul, Ladakh",India,rocket-like,,"white, reddish",,blasting sounds; emitting light; leaving trail,,visual,,,CIA,1,1,2,not-assessed,medium,"Bright object seen over Chang La, Fukche, and Koyul with white light, blasting sounds, and reddish light with smoke.",pursue-r3--cia-uap-016; pursue-r3--cia-uap-016
INC-0513,1968-03-25,day,night,2150,"Fukche, Koyul, Demchok, Ladakh",India,,,bluish,,high speed; silent,,visual,,,CIA,1,1,1,not-assessed,medium,"Bluish colored object moving at high speed without noise, bright enough to illuminate the area.",pursue-r3--cia-uap-016
INC-0514,1968-03-25,day,night,2150,"Kuki region, NW Nepal",Nepal,,,,,flashing; disintegrated; sonic boom,,visual,,,CIA,1,1,1,not-assessed,medium,"Blazing object flashing intermittently, accompanied by thunder sound, disintegrated over the region.",pursue-r3--cia-uap-016
INC-0515,1968-05-03,day,unknown,,,,,,,,erratic roll and yaw; destruct,,,,,RTI,1,1,1,explained,medium,Atlas 95F launch failure resulting in erratic yaw and roll rates and destruct.,dow-uap-d48-report-september-1996
INC-0516,1968-05-03,day,unknown,,,USA,,,,,erratic; yawed; pitched up violently; destructed,,,,,Department of War,1,1,1,unexplained,high,"Missile erratic immediately after liftoff, yawed hard left then right, pitched up violently, and destructed.",dow-uap-d48-report-september-1996
INC-0517,1968-06-04,day,unknown,,520 miles east of Manila,Philippines,A-12,,,,disappeared,,other,,military-pilot,CIA,1,1,1,unexplained,high,A-12 disappearance during test flight.,pursue-r3--cia-uap-003
INC-0518,1968-09-18,day,unknown,,,,,,,,undamped pitch oscillations; violent maneuvers,,,,,RTI,1,1,1,explained,medium,Delta Intelsat III launch failure involving undamped pitch oscillations and violent maneuvers.,dow-uap-d48-report-september-1996
INC-0519,1968-11-16,day,unknown,,,USA,,,,,lost attitude control; hard yaw rate turn,,,,,Department of War,1,1,1,unexplained,high,"Missile lost attitude control, executing a hard yaw rate turn.",dow-uap-d48-report-september-1996
INC-0520,1969,year,night,,Space,unknown,unknown,,,,flashing,,,,astronaut,NASA,1,1,1,explained,high,Astronauts report streaks of light.,pursue-r2-record-index
INC-0521,1969-05-16,day,night,00:50,"Compton, California",,,,,,,,,,civilian,FBI,1,1,1,explained,high,A former CIA agent reported seeing flying objects and requested to speak with the FBI Director.,65_hs1-834228961_62-hq-83894_section_10
INC-0522,1969-07-21,day,unknown,,,Moon,,,,,watching us,,visual,2,military-pilot,NASA,1,1,1,unexplained,medium,Apollo 11 astronauts reported seeing spacecraft on the far side of a crater edge on the Moon.,pursue-r3--usg-uap-d001
INC-0523,1969-07-31,day,unknown,,,location unlisted,,,,,,,visual,3,astronaut,NASA,1,1,1,not-assessed,high,"Apollo 11 crew observed an object on the way to the Moon, light flashes in the cabin, and a bright light on the return trip.",pursue-r1-record-index
INC-0524,1969-08-27,day,unknown,,,,,,,,hydraulic failure; tumble,,,,,RTI,1,1,1,explained,medium,Delta Pioneer E launch failure involving hydraulic system failure and tumble.,dow-uap-d48-report-september-1996
INC-0525,1969-10-10,day,unknown,,,USA,,,,,premature shutdown; destruct,,,,,Department of War,1,1,1,unexplained,high,Sustainer engine shut down prematurely; destruct sent.,dow-uap-d48-report-september-1996
INC-0526,1969-11,day,unknown,,,Moon (off-Earth),,,,,sailing off in space,,visual,1,astronaut,NASA,1,1,1,not-assessed,high,Apollo 12 astronauts reported observing particles and flashes of light sailing off in space.,pursue-r1-record-index
INC-0527,1969-11,day,unknown,,,Moon (off-Earth),,,,,floating,,visual,1,astronaut,NASA,1,1,1,not-assessed,high,Apollo 12 mission commander observed floating debris outside the lunar module.,pursue-r1-record-index
INC-0528,1969-11-19,day,unknown,,,unknown,,,,,sailing off in space; escaping the Moon; haul out; press off at the stars,,visual,1,astronaut,NASA,1,1,1,not-assessed,high,Astronaut Alan Bean observed particles and flashes of light sailing off in space while looking through the Alignment Optical Telescope.,nasa-uap-d1-apollo-12-transcript-1969
INC-0529,1969-11-20,day,unknown,,,unknown,,,,,floating along,,visual,2,astronaut,NASA,1,1,1,not-assessed,high,"Astronauts observed floating debris outside the lunar module, initially thought to be illuminated by the tracking light, but later suspected the light had burned out.",nasa-uap-d1-apollo-12-transcript-1969
INC-0530,1971-05-08,day,unknown,,,USA,,,,,tumbling,,,,,Department of War,1,1,1,partially-explained,high,Pitch stabilization lost; vehicle began accelerated nose-down tumbling motion.,dow-uap-d48-report-september-1996
INC-0531,1971-12-04,day,unknown,,,USA,,,,,breakup,,,,,Department of War,1,1,1,explained,high,Sustainer engine turbine damage resulted in hot gas leaks and vehicle breakup.,dow-uap-d48-report-september-1996
INC-0532,1972-12,day,unknown,,,Moon (off-Earth),,,,,drifting; tumbling,,visual,2,astronaut,NASA,1,1,1,not-assessed,high,Apollo 17 crew observed bright particles and fragments drifting and tumbling near the spacecraft.,pursue-r1-record-index
INC-0533,1972-12-07,day,unknown,,Space,unknown,"jagged, angular, flat, flakelike",up to 6 inches,bright,,drifting; tumbling; twinkling,,visual,3,astronaut,NASA,1,2,2,partially-explained,high,"Astronauts observed bright, tumbling particles drifting near the spacecraft during a maneuver.",nasa-uap-d2-apollo-17-transcript-1972; pursue-r2-record-index
INC-0534,1972-12-09,day,unknown,,Space,unknown,"streaks, bright spots",,bright,,flashing; rotating; rhythmic flashing,,visual,3,astronaut,NASA,1,1,1,partially-explained,high,"Astronauts reported observing flashing, rotating objects and streaks of light while in space.",nasa-uap-d2-apollo-17-transcript-1972
INC-0535,1972-12-10,day,unknown,,"Grimaldi crater, Moon",Moon,thin streak,,bright,,flashing; rotating,,visual,1,astronaut,NASA,1,2,3,unexplained,high,Astronaut observed a flash of light on the lunar surface north of Grimaldi crater.,nasa-uap-d2-apollo-17-transcript-1972; pursue-r1-record-index; pursue-r1-record-index
INC-0536,1973-06,month,night,,Skylab,n/a,,,unknown,,wax and wane in frequency,,visual,3,astronaut,NASA,1,1,1,not-assessed,high,Skylab 2 crew observed light flashes while in the station.,nasa-uap-d7-skylab-technical-crew-debriefing-1973
INC-0537,1973-06,day,unknown,,USSR,USSR,unknown,,bright green,,forming concentric circles; dissipated,,,,unknown,CIA,1,1,1,not-assessed,medium,Source observed airborne luminous green object forming concentric circles.,pursue-r2-record-index
INC-0538,1973-06-30,day,night,,,Low Earth Orbit (off-Earth),,,,,flashing,,visual,3,astronaut,NASA,1,1,1,not-assessed,high,Skylab 2 crew observed light flashes.,pursue-r1-record-index
INC-0539,1973-08,month,evening,,"Site 7, Sary Shagan Weapons Testing Range",USSR,circular,,bright green,1,widened; formed concentric circles; dissipated; disappeared,several minutes,visual,1,unknown,CIA,1,2,2,unexplained,high,Source observed a bright green circular object that formed concentric circles before dissipating.,pursue-r2--cia-uap-d001; pursue-r3--cia-uap-011
INC-0540,1973-09,month,unknown,,Skylab,n/a,star-like,,reddish,,rotating; drifting,10 minutes,visual,2,astronaut,NASA,1,1,1,unexplained,high,Skylab 3 crew observed a bright reddish satellite in similar orbit.,nasa-uap-d7-skylab-technical-crew-debriefing-1973
INC-0541,1973-10-04,day,unknown,,,Low Earth Orbit (off-Earth),,,reddish,,,,visual,2,astronaut,NASA,1,1,1,not-assessed,high,Skylab 3 crew observed a bright reddish object identified as a satellite.,pursue-r1-record-index
INC-0542,1974-02,month,unknown,,Skylab,n/a,,,unknown,,flashing; tumbling; definite motion,,visual,3,astronaut,NASA,1,1,1,partially-explained,high,Skylab 4 crew observed flashing lights outside the station.,nasa-uap-d7-skylab-technical-crew-debriefing-1973
INC-0543,1974-02-22,day,unknown,,,Low Earth Orbit (off-Earth),,,,,flashing,,visual,1,astronaut,NASA,1,1,1,not-assessed,high,Skylab 4 crew observed flashing lights outside the station.,pursue-r1-record-index
INC-0544,1974-08-21,day,afternoon,,"Milwaukee, Wisconsin",USA,jagged,13 x 8 x 5 inches,metallic,,recovered by police,,visual,unknown,federal-le,FBI,1,1,1,not-assessed,high,"An unidentified object was recovered by Milwaukee police and reported to the FBI; described as metallic, jagged, and having an internal heat source.",65_hs1-834228961_62-hq-83894_section_10
INC-0545,1975-02-20,day,unknown,,,USA,,,,,unable to maintain stability; destruct,,,,,Department of War,1,1,1,explained,high,Electrical disconnect failed at staging; avionics unable to maintain stability; destruct sent.,dow-uap-d48-report-september-1996
INC-0546,1975-04-12,day,unknown,,,USA,,,,,breakup; multiple pieces,,,,,Department of War,1,1,1,explained,high,Breakup resulted from external explosion in flame bucket; radar reported multiple pieces.,dow-uap-d48-report-september-1996
INC-0547,1976-03-03,day,night,,Tours,France,sphere,1 to 2 m in diameter,phosphorescent green,,collision course; hovering; descending,,visual; radar,,military-pilot,COMETA,1,1,1,unexplained,high,Student pilot in a T-33 training aircraft encountered a phosphorescent green sphere that passed over his wing.,255_413270_ufo's_and_defense_what_should_we_prepare_for
INC-0548,1976-09-18,day,night,,Tehran,Iran,"rectangle, cylinder",,"bluish-white, red, orange",,hovering; accelerating; releasing smaller object,,visual; radar,,military-pilot; military-other,DIA,1,1,1,unexplained,high,F-4 Phantom interceptors experienced instrument and communication failure when approaching a luminous object.,255_413270_ufo's_and_defense_what_should_we_prepare_for
INC-0549,1977-03-07,day,night,,Dijon,France,,,bright glow,,collision course; maneuvering; following,,visual; radar,,military-pilot,COMETA,1,1,1,unexplained,high,"Mirage IV pilot and navigator observed a very bright glow on a collision course, which maneuvered to follow them at high speed.",255_413270_ufo's_and_defense_what_should_we_prepare_for
INC-0550,1977-09-29,day,unknown,,,USA,,,,,fire; violent maneuver; exploded,,,,,Department of War,1,1,1,explained,high,Leak in booster hot-gas generator resulted in fire and violent maneuver; vehicle exploded.,dow-uap-d48-report-september-1996
INC-0551,1979-12-09,day,morning,0915,Dijon,France,saucer,20 m diameter,"metallic gray, bluish",,hovering; oscillating; high speed departure,,visual,,military-pilot,GEPAN,1,1,1,unexplained,high,Pilot and wife observed a metallic object hovering near their home before it departed at high speed.,255_413270_ufo's_and_defense_what_should_we_prepare_for
INC-0552,1980-12-08,day,unknown,,,,,,,,loss of attitude control; retrofire,,,,,RTI,1,1,1,explained,medium,Atlas 68E launch failure resulting in loss of attitude control and retrofire mode.,dow-uap-d48-report-september-1996
INC-0553,1980-12-08,day,unknown,,,USA,,,,,yaw and roll rates; attitude control lost; breakup,,,,,Department of War,1,1,1,explained,high,Asymmetric thrust caused yaw and roll rates; attitude control lost; vehicle breakup.,dow-uap-d48-report-september-1996
INC-0554,1981-01-08,day,afternoon,1700,Trans-en-Provence,France,ovoid,,,,landed; take off,,visual,,civilian,GEPAN,1,1,1,unexplained,high,"Witness observed a silent metal object land and take off, leaving physical traces on the ground.",255_413270_ufo's_and_defense_what_should_we_prepare_for
INC-0555,1981-12-18,day,unknown,,,USA,,,,,decayed thrust; pitched over; impacted ground,,,,,Department of War,1,1,1,explained,high,Thrust performance decayed; missile pitched over and impacted ground behind launch pad.,dow-uap-d48-report-september-1996
INC-0556,1982-10-21,day,morning,0035,Nancy,France,ovoid,1 m diameter,"metallic, blue-green",,hovering; vertical ascent,,visual,,scientist,GEPAN,1,1,1,unexplained,high,Witness observed an ovoid craft hovering in his garden for 20 minutes.,255_413270_ufo's_and_defense_what_should_we_prepare_for
INC-0557,1985-01-24,day,night,,"Wewak, Angoram",Papua New Guinea,,,,6-8,high-speed; high-altitude; flying south to north; moving north to south,,visual; radar,unknown,civilian; unknown,Department of State,1,2,2,unexplained,medium,"Reports of high-altitude, high-speed aircraft over Papua New Guinea, including visual sightings of contrails and radar contacts.",dos-uap-d1-cable-1-papua-new-guinea-january-1985; pursue-r1-record-index
INC-0558,1987,year,night,,Northeastern United States,United States,,,red,1,circling; hover; land,,visual,1,civilian,FBI,1,1,1,not-assessed,medium,"Witness observed a red light circling itself near power lines, hovering, and landing near a power station.",pursue-r3--fbi-uap-d010
INC-0559,1987-03-26,day,unknown,,,USA,,,,,hard right turn; breakup,,,,,Department of War,1,1,1,explained,high,Vehicle struck by lightning; guidance computer commanded hard right turn; breakup.,dow-uap-d48-report-september-1996
INC-0560,1989,year,unknown,,Astrakhan,USSR,disk,,bright,3,hovering; high speed; silent,,visual,7,military-other,KGB,1,1,1,unexplained,high,"Three bright disks performed extraordinary aerial maneuvers over an Army missile base near Astrakhan, moving from hovering to high speed silently.",255_413270_ufo's_and_defense_what_should_we_prepare_for
INC-0561,1989-07-28,day,night,,Kapustin Yar,Russia,disk,4-5 m,phosphorescent green,,hovering; jerky movements,,visual,,military-other,KGB,1,1,1,unexplained,high,Military personnel observed disk-shaped objects hovering and performing maneuvers near a missile base.,255_413270_ufo's_and_defense_what_should_we_prepare_for
INC-0562,1990-03-21,day,night,,Pereslavl-Zalesski,Russia,disk,100 to 200 meters,,,hovering; S-turn; rotating,,visual; radar,,military-other,Russian Air Defense,1,1,1,unexplained,medium,Multiple visual sightings of disk-shaped objects performing S-turns and hovering.,255_413270_ufo's_and_defense_what_should_we_prepare_for
INC-0563,1990-03-21,day,night,,Pereslav-Zalesski,USSR,discoid,,,1,hovering; high speed; silent,,visual; radar,multiple,military-other,USSR Air Defense,1,1,1,unexplained,high,A silent discoid object was observed moving from hovering to speeds two or three times faster than a modern fighter jet.,255_413270_ufo's_and_defense_what_should_we_prepare_for
INC-0564,1991-04-18,day,unknown,,,USA,,,,,tumbled out of control,,,,,Department of War,1,1,1,explained,high,Turbo-machinery decelerated and stopped; thrust imbalance; vehicle tumbled out of control.,dow-uap-d48-report-september-1996
INC-0565,1991-06,month,unknown,,,,,,,,radical pitch-up,,,,,RTI,1,1,1,explained,high,Prospector (Joust) launch failure involving radical pitch-up maneuver.,dow-uap-d48-report-september-1996
INC-0566,1991-08-20,day,unknown,,,,,,,,90-degree right turn,,,,,RTI,1,1,1,explained,high,Red Tigress sounding rocket launch failure involving near 90-degree right turn.,dow-uap-d48-report-september-1996
INC-0567,1992-08-22,day,unknown,,,USA,,,,,thrust imbalance; destruct,,,,,Department of War,1,1,1,explained,high,Centaur engine check valve stuck open; air froze in LH2 pump; thrust imbalance; destruct sent.,dow-uap-d48-report-september-1996
INC-0568,1994-01-27,day,night,,Lat 45 North and Long 55 East,Kazakhstan,bullet,small object with large trailing wave,bright light of enormous intensity,1,maneuvered in circles; corkscrews; 90-degree turns; high-speed course; 90 degree turns; maneuvering in circles,40 minutes,visual; photo,4,civilian,Department of State,1,2,2,unexplained,high,Three American pilots and one Tajik pilot flying a Boeing 747SP over Kazakhstan observed a high-altitude object performing extreme maneuvers.,dos-uap-d2-cable-2-kazakhstan-january-1994; pursue-r1-record-index
INC-0569,1994-01-28,day,midday,1314,Coulommiers,France,"bell, lens",250 m,brown,,hovering; transforming; disappearing,,visual; radar,,civilian,COMETA,1,1,1,unexplained,high,Air France flight crew observed a brown bell-shaped object that transformed into a lens shape before disappearing.,255_413270_ufo's_and_defense_what_should_we_prepare_for
INC-0570,1995-07-31,day,night,,San Carlos de Bariloche,Argentina,,,red,,hovering; vertical ascent; parallel flight,,visual,,civilian; military-other,SEPRA,1,1,1,unexplained,high,Commercial flight crew and ground witnesses observed a luminous object performing maneuvers near an airport.,255_413270_ufo's_and_defense_what_should_we_prepare_for
INC-0571,1996,year,unknown,,New Mexico,,,,,,vehicle shut down; large light shined on vehicle,2 minutes,visual,2,civilian; military-other,FBI,1,1,1,not-assessed,high,Vehicle shutdown and light encounter while driving in New Mexico.,pursue-r3--fbi-uap-d005
INC-0572,1997-08-10,day,unknown,,,USA,,,,,rising vertically; making 90-degree turn,,visual; video,1,civilian,NASA,1,1,1,not-assessed,high,"A constituent reported observing a light rising vertically from the bottom of the screen while watching a NASA shuttle mission broadcast, which was then tracked by the shuttle camera before the feed was cut.",pursue-r3--usg-uap-d001
INC-0573,1999-12-31,day,evening,18:10:18,,,circular,,dark,1,,,ir,,,FBI,1,1,1,not-assessed,high,"Infrared sensor still image showing a small, dark, circular object against a uniform gray background.",fbi-photo-b8
INC-0574,1999-12-31,day,evening,18:10:26,Western United States,United States,circular,,dark,,,,ir,,military-other,FBI,1,1,1,unexplained,high,"A grainy monochrome image showing a small dark circular object against an indistinct mountain range background, captured by a U.S. military system.",fbi-photo-b9
INC-0575,2001-01-26,day,unknown,,Barnaul airport,Russia,,,luminescent,1,hovering,90 minutes,visual,,civilian,Agence France Presse,1,1,1,unexplained,high,"A luminescent object hovered above the runway of Barnaul airport, causing a cargo plane crew to refuse takeoff and another to divert.",255_413270_ufo's_and_defense_what_should_we_prepare_for
INC-0576,2001-10-28,day,unknown,,Kodori Gorge,Georgia,,,,,airspace violation; bombing,,,,,Department of State,1,1,1,unexplained,medium,"Alleged violation of Georgian airspace and bombing of Kodori Gorge by unidentified aircraft, which Russian officials suggested could have been UFOs.",059uap00011
INC-0577,2003,year,morning,,Vandenberg Air Force Base,United States,square,100 yards,red,,hovering; darting off,,visual,group,contractor,USAF,1,1,1,unexplained,medium,Boeing contractors observed a large red square object hovering over a launch facility.,hearing-2023-07-26-house-oversight
INC-0578,2004,year,unknown,,,United States,tic-tac,,,,instantaneous acceleration,,radar; visual,,military-pilot,US Navy,1,1,1,unexplained,high,Tic Tac object encounter by Navy pilots.,hearing-2024-11-13-house-oversight
INC-0579,2004-11-14,day,unknown,,Off the coast of San Diego,United States,Tic Tac,40 feet,white,,rapidly descending; hovering; abrupt movement; jamming radar,,radar; visual; video,4,military-pilot,US Navy,1,1,1,unexplained,high,Tic Tac UAP encounter by USS Nimitz Carrier Airwing 11.,hearing-2023-07-26-house-oversight
INC-0580,2008-07-02,day,afternoon,,Harare International Airport,Zimbabwe,disc-like with a hollow center,,,,hovering; emanating beams; rotating lights; shifting colors; rapid ascent,,visual; radar,,,CIA,1,1,1,unexplained,high,"An unidentified object was observed hovering at high altitude over Harare International Airport, exhibiting beams and rotating lights before ascending rapidly.",pursue-r3--cia-uap-017
INC-0581,2013,year,unknown,,"Aguadilla, Puerto Rico",Puerto Rico,,,,,,,,,,AARO,1,1,1,not-assessed,low,"A well-known UAP event occurring in Aguadilla, Puerto Rico.",aaro-fy25-consolidated-annual-report
INC-0582,2014,year,unknown,,"NAS Oceana, Virginia Beach",United States,cube inside of a clear sphere,5 to 15 feet,dark gray or black,,stationary; accelerate to supersonic speeds; erratic,,radar; ir; visual,multiple,military-pilot,US Navy,1,1,1,unexplained,high,F-18 pilot reports detecting unknown objects in airspace off Virginia Beach after radar upgrades.,hearing-2023-07-26-house-oversight
INC-0583,2014,year,unknown,,Warning Area W-72,United States,cube inside of a clear sphere,5 to 15 feet,dark gray or black,,stationary; accelerate to supersonic speeds,,visual,2,military-pilot,US Navy,1,1,1,unexplained,high,Two F-18 Super Hornets encountered a UAP 10 miles off the coast of Virginia Beach.,hearing-2023-07-26-house-oversight
INC-0584,2014-2024,decade,unknown,,Southern California,United States,,,,,transmedium travel; enter water from atmosphere,,visual; radar,,military-other,US Navy,1,1,1,unexplained,high,Observation of a UAP by watch standers on the USS Omaha.,hearing-2024-11-13-house-oversight
INC-0585,2015-01,month,unknown,,,United States,,,,,near midair collisions,,ir; visual,,military-other,US Navy,1,1,1,unexplained,high,Multiple near midair collisions involving unidentified objects during a naval exercise off the U.S. East Coast.,hearing-2024-11-13-house-oversight
INC-0586,2016-11-18,day,unknown,1310Z,"55 nm northwest of Latakia, Syria",Syria,,,,,sea skim mode; traveling at 500 knots; southeasterly heading,2 minutes,ir,1,military-pilot,CENTCOM; Department of War,2,2,2,unexplained,high,P-8A aircraft observed an unidentified low-flying object via EO/IR sensor traveling at 500 knots in sea skim mode.,dow-uap-d55-mission-report-syria-november-2016; pursue-r1-record-index
INC-0587,2018,year,unknown,,CENTCOM,unknown,unknown,,,,tracking,,ir,,,Department of War,1,1,1,not-assessed,medium,Infrared sensor tracks two areas of contrast.,pursue-r2-record-index
INC-0588,2019,year,unknown,,NORTHCOM,United States,unknown,,,,tracking,,ir,,,Department of War,1,1,1,not-assessed,medium,Infrared sensor tracks area of contrast.,pursue-r2-record-index
INC-0589,2019-09-25,day,unknown,,CENTCOM,unknown,unknown,,,,tracking,,ir,,,Department of War,1,1,2,not-assessed,medium,Infrared sensor tracks grouped areas of contrast.,pursue-r2-record-index; pursue-r2-record-index
INC-0590,2020-02-13,day,unknown,,CENTCOM,unknown,unknown,,,,transiting,,ir,,,Department of War,1,1,1,not-assessed,medium,Infrared sensor tracks transiting area of contrast.,pursue-r2-record-index
INC-0591,2020-05-05,day,unknown,,CENTCOM,unknown,unknown,,,,tracking,,ir,,,Department of War,1,1,2,not-assessed,medium,Infrared sensor tracks multiple areas of contrast.,pursue-r2-record-index; pursue-r2-record-index
INC-0592,2020-05-14,day,night,20:40:00,Middle East,unknown,round,,white,1,erratic movements,,ir; visual,,military-pilot,CENTCOM,1,1,1,not-assessed,high,"A solid white object was observed during an ISR mission, exhibiting erratic movements above the water.",dow-uap-d38-range-fouler-debrief-middle-east-may-2020
INC-0593,2020-05-14,day,unknown,,,Persian Gulf,,,white,,erratic movements,,visual,1,military-other,Department of War,1,1,1,unexplained,high,U.S. military operator observed a solid white object making erratic movements.,pursue-r1-record-index
INC-0594,2020-06-01,day,unknown,,CENTCOM,unknown,unknown,,,,tracking,,ir,,,Department of War,1,1,1,not-assessed,medium,Infrared sensor tracks area of contrast.,pursue-r2-record-index
INC-0595,2020-06-15,day,midday,1246Z,3SKT4255899519,,,,,1,,,visual,1,military-other,Department of War,1,1,1,not-assessed,high,U.S. military operator observed a probable UAP in the vicinity of grid 3SKT4255899519.,dow-uap-d6-mission-report-arabian-gulf-2020
INC-0596,2020-06-15,day,afternoon,17:36Z,,,,,,4,flying,,visual,,,Department of War,1,1,1,not-assessed,high,Four UAP observed flying in formation or sequence beneath an aircraft.,dow-uap-d3-mission-report-arabian-gulf-2020
INC-0597,2020-06-15,day,unknown,,,unknown,balloon,,,,traveling with the winds,,visual; ir,,military-other,Department of War,1,1,1,not-assessed,high,"U.S. military operator observed a UAP at 31,000 ft traveling with the winds, identified via TFLIR.",dow-uap-d7-mission-report-arabian-gulf-2020
INC-0598,2020-06-15,day,unknown,,,Arabian Gulf,balloon,,,,increased speed; changed direction; traveling with the winds,,visual; ir,1,military-other,Department of War,1,1,5,unexplained,high,U.S. military operator observed a line of dots followed by a trailing dot.,pursue-r1-record-index; pursue-r1-record-index; pursue-r1-record-index; pursue-r1-record-index; pursue-r1-record-index
INC-0599,2020-07-16,day,afternoon,1830Z,Persian Gulf,Persian Gulf,,,,,,,video; visual,1,military-pilot; military-other,CENTCOM; Department of War,2,2,4,not-assessed,high,UAP observed by military aircraft via FMV sensor.,dow-uap-d65-mission-report-persian-gulf-july-2020; dow-uap-d65-mission-report-persian-gulf-july-2020; dow-uap-d65-mission-report-persian-gulf-july-2020; pursue-r1-record-index
INC-0600,2020-08-08,day,morning,0726Z,Arabian Gulf,unknown,unknown,,,1,transiting; tracking,,video; visual; ir,1,military-other,CENTCOM; Department of War,2,3,3,unexplained,high,A U.S. military operator observed one UAP transiting while conducting ISR operations.,dow-uap-d60-mission-report-persian-gulf-august-2020; pursue-r1-record-index; pursue-r2-record-index
INC-0601,2020-08-21,day,unknown,,CENTCOM,unknown,unknown,,,,transiting,,ir,,,Department of War,1,1,1,not-assessed,medium,Infrared sensor tracks transiting area of contrast.,pursue-r2-record-index
INC-0602,2020-08-24,day,night,00:04:30,North Arabian Sea,unknown,wings/airframe,,,3,"westerly heading; maintain relative course, speed, and altitude; tracking",,visual; ir,1,military-pilot; military-other,US Navy; Department of War,2,3,3,unexplained,high,A U.S. Navy pilot observed three unidentified small air contacts while conducting routine operations in the North Arabian Sea.,dow-uap-d56-range-fouler-debrief-arabian-sea-august-2020; pursue-r1-record-index; pursue-r2-record-index
INC-0603,2020-08-27,day,afternoon,,Persian Gulf,Iran,,,,,traveling northeast to northwest along the coast; traveling northeast to northwest,2 minutes,other; visual,1,military-pilot; military-other,CENTCOM; Department of War,2,2,2,unexplained,high,A U.S. military aircraft observed a formation of unknown flying objects traveling northeast to northwest along the coast for approximately two minutes before losing tracking due to cloud cover.,dow-uap-d61-mission-report-persian-gulf-august-2020; pursue-r1-record-index
INC-0604,2020-08-31,day,dusk,,,Japan,,,,3,moving amongst each other; high speed,,other; visual,1,military-pilot; military-other,Department of War,1,2,2,not-assessed,high,A U.S. military pilot observed three unidentified objects moving amongst each other on a sensor screen during an ISR mission.,dow-uap-d42-range-fouler-debrief-japan-2023; pursue-r1-record-index
INC-0605,2020-08-31,day,unknown,,CENTCOM,unknown,unknown,,,,tracking,,ir,,,Department of War,1,1,2,not-assessed,medium,Infrared sensor tracks multiple areas of contrast.,pursue-r2-record-index; pursue-r2-record-index
INC-0606,2020-09-04,day,night,21:09:00,,Gulf of Aden,round,,bright white,1,traveling 168 degrees at 277 mph; made a few abrupt directional changes; abrupt directional changes,8 minutes,ir,1,military-other,CENTCOM; Department of War,2,2,2,not-assessed,high,"A U.S. military operator tracked a round, cold object over the Gulf of Aden via IR sensor for eight minutes.",dow-uap-d57-mission-report-gulf-of-aden-september-2020; pursue-r1-record-index
INC-0607,2020-09-05,day,unknown,,CENTCOM,unknown,unknown,,,,transiting,,ir,,,Department of War,1,1,1,not-assessed,medium,Infrared sensor tracks multiple transiting areas of contrast.,pursue-r2-record-index
INC-0608,2020-09-16,day,unknown,,,Strait of Hormuz,,,,,,,visual,1,military-other,Department of War,1,1,1,unexplained,high,"U.S. military operator observed one UAP at 1,800 feet.",pursue-r1-record-index
INC-0609,2020-09-16,day,unknown,,CENTCOM,unknown,unknown,,,,tracking,,video,,,Department of War,1,1,1,not-assessed,medium,Full-motion video tracks area of contrast.,pursue-r2-record-index
INC-0610,2020-09-17,day,unknown,,CENTCOM,unknown,unknown,,,,transiting,,video,,,Department of War,1,1,1,not-assessed,medium,Full-motion video tracks transiting area of contrast.,pursue-r2-record-index
INC-0611,2020-10-01,day,unknown,,,Strait of Hormuz,,,,,,,visual,1,military-other,Department of War,1,1,1,unexplained,high,U.S. military operator observed a UAP.,pursue-r1-record-index
INC-0612,2020-10-07,day,unknown,,CENTCOM,unknown,unknown,,,,tracking,,ir,,,Department of War,1,1,1,not-assessed,medium,Infrared sensor tracks area of contrast.,pursue-r2-record-index
INC-0613,2020-10-15,day,afternoon,14:18:39Z,Gulf of Aden,unknown,round,,bright white,1,abrupt directional changes,1 minute 13 seconds,ir,1,military-other,Department of War,1,1,1,not-assessed,high,"A U.S. military operator reported observing a round, cold object via infrared sensor over the Gulf of Aden.",dow-uap-d44-range-fouler-arabian-sea-october-2020
INC-0614,2020-10-15,day,unknown,,,Arabian Sea,round,,,,abrupt directional changes,,ir,1,military-other,Department of War,1,1,1,unexplained,high,"U.S. military operator observed a round, cold object.",pursue-r1-record-index
INC-0615,2020-10-16,day,unknown,,AFRICOM,unknown,unknown,,,,transiting,,ir,,,Department of War,1,1,1,not-assessed,medium,Infrared sensor tracks transiting area of contrast.,pursue-r2-record-index
INC-0616,2020-10-18,day,unknown,,AFRICOM,unknown,unknown,,,,transiting,,ir,,,Department of War,1,1,1,not-assessed,medium,Infrared sensor tracks transiting area of contrast.,pursue-r2-record-index
INC-0617,2020-10-20,day,unknown,,CENTCOM,unknown,unknown,,,,transiting,,ir,,,Department of War,1,1,1,not-assessed,medium,Infrared sensor tracks multiple transiting areas of contrast.,pursue-r2-record-index
INC-0618,2020-10-27,day,night,01:12:21,,United States,balloon-shaped,,red,2,circling; noise jamming; rapid disappearance,unknown,radar; video; ir; visual; ew,,military-pilot,Department of War,1,1,1,unexplained,high,"U.S. Navy pilot reported two balloon-shaped, metallic, reflective UAP displaying red blinking strobes and noise jamming.",dow-uap-d58-range-fouler-debrief-na-october-2020
INC-0619,2020-10-27,day,unknown,,,unknown,balloon,,,,circling,,visual,1,military-other,Department of War,1,1,1,unexplained,high,"U.S. military operator encountered two balloon-shaped, metallic UAP.",pursue-r1-record-index
INC-0620,2020-10-29,day,unknown,,CENTCOM,unknown,unknown,,,,fast moving; tracking,,ir,,,Department of War,1,1,1,not-assessed,medium,Infrared sensor tracks three fast moving UAPs.,pursue-r2-record-index
INC-0621,2020-11-02,day,night,2143Z,,,,,,,,,,,military-other; military-pilot,Department of War,1,1,1,not-assessed,high,U.S. military operator observed an unidentified aerial phenomenon while on an ISR mission.,dow-uap-d64-mission-report-iran-november-2020
INC-0622,2020-11-02,day,night,2148Z,,,,,,,traveling northwest,,,,military-other; military-pilot,Department of War,1,1,1,not-assessed,high,U.S. military operator observed a second unidentified aerial phenomenon traveling northwest.,dow-uap-d64-mission-report-iran-november-2020
INC-0623,2020-11-02,day,unknown,,,Iran,,,,,,,visual,1,military-other,Department of War,1,1,1,unexplained,high,U.S. military operator observed two UAP.,pursue-r1-record-index
INC-0624,2020-11-02,day,unknown,,CENTCOM,unknown,unknown,,,,tracking,,ir,,,Department of War,1,1,1,not-assessed,medium,Infrared sensor tracks two areas of contrast.,pursue-r2-record-index
INC-0625,2020-11-23,day,unknown,,CENTCOM,unknown,spherical,,,,transiting,,ir,,,Department of War,1,1,1,not-assessed,medium,Spherical UAP transits in and out of clouds.,pursue-r2-record-index
INC-0626,2021,year,night,,Northeastern United States,,,,,,shorter bursts,,visual; video; photo,,civilian,FBI,1,1,1,not-assessed,medium,Witness reports seeing hundreds of lights from their property since 2021.,pursue-r3--fbi-uap-d005
INC-0627,2021,year,unknown,,CENTCOM,unknown,unknown,,,,instant acceleration,,ir,,,Department of War,1,1,1,not-assessed,medium,Infrared sensor tracks area of contrast with instant acceleration.,pursue-r2-record-index
INC-0628,2021-01-03,day,unknown,,CENTCOM,unknown,unknown,,,,tracking,,ir,,,Department of War,1,1,1,not-assessed,medium,Infrared sensor tracks area of contrast.,pursue-r2-record-index
INC-0629,2021-04-12,day,unknown,,CENTCOM,unknown,spherical,,,,transiting; tracking,,video; ir,,,Department of War,1,1,4,not-assessed,medium,Spherical UAP tracked by sensor.,pursue-r2-record-index; pursue-r2-record-index; pursue-r2-record-index; pursue-r2-record-index
INC-0630,2021-05,month,morning,,Northeastern United States,,,,,1 to 3,split into two or three lights; formed a triangular pattern; remained for approximately ten minutes,10 minutes,visual; photo,2,civilian,FBI,1,1,1,not-assessed,high,Witness observed lights outside their home that split into a triangular pattern.,pursue-r3--fbi-uap-d005
INC-0631,2021-06-09,day,unknown,,East China Sea,unknown,unknown,,,,tracking,,ir,,,Department of War,1,1,1,not-assessed,medium,Infrared sensor tracks area of contrast.,pursue-r2-record-index
INC-0632,2021-11,month,morning,,Northeastern United States,United States,orbs,,,,hovering; moving; erratic rotational motion; moving laterally,,visual; video,,civilian,FBI,1,2,2,not-assessed,high,Initial observation of anomalous lights appearing as orbs.,pursue-r3--fbi-uap-d004; pursue-r3-record-index
INC-0633,2021-2024,year,evening,,Northeastern United States,United States,,,,,repeated activity,,visual; photo,,civilian,FBI,1,1,1,not-assessed,medium,Multiple UAP sightings reported by a resident on their property over a three-year period.,pursue-r3--fbi-uap-d006
INC-0634,2022,year,midday,,"Colorado Springs, Colorado",United States,oblong,,white,,hovering,,visual,,unknown,FBI,1,1,1,not-assessed,high,"A large, white, oblong object with a textured, web-like or cellular surface was observed hovering over a mountain range near a residential area.",pursue-r3--fbi-uap-d003
INC-0635,2022,year,unknown,,,Iraq,elongated area of contrast,,,,moving from north to northeast,,other,,military-other,CENTCOM,1,1,1,unexplained,medium,"U.S. Central Command reported a UAP observed in Iraq, documented via a still image from a military system.",dow-uap-pr20
INC-0636,2022,year,unknown,,"Colorado Springs, Colorado",United States,"angular, non-symmetrical potato",,,,,,visual,,military-other,Intelligence Community Agency,1,1,1,partially-explained,medium,"U.S. military service members reported an airborne object resembling an angular, non-symmetrical potato near Colorado Springs.",pursue-r3-record-index
INC-0637,2022-02,month,afternoon,0935,"Cheyenne Mountain, Fort Carson, Colorado",United States,"bean-shaped, oval, horizontal",10% of the saddle of the mountain,matte white or off-white,1,hovering; motionless; vanished; stationary; changing shape; disappeared,3-5 minutes,visual,5,military-other,FBI; AARO,2,3,3,unexplained,high,"Five military personnel observed a motionless, bean-shaped, matte white object hovering over a saddle in Cheyenne Mountain near Fort Carson.",pursue-r3--fbi-uap-d001; pursue-r3--ica-uap-d001; pursue-r3-record-index
INC-0638,2022-02,month,unknown,,Karaganda International Airport,Kazakhstan,unknown,,,,luminous,,other,,,Department of War,1,1,1,not-assessed,medium,Luminous phenomenon with trails observed near airport.,pursue-r2-record-index
INC-0639,2022-03,month,evening,,Northeastern United States,United States,,,red,,hovering; rotating,,visual; video,,civilian,FBI,1,1,1,not-assessed,high,Eyewitness observed two bright red luminous light sources hovering near the horizon; the lower source rotated.,pursue-r3-record-index
INC-0640,2022-03,day,unknown,,,,,,,,morph; move laterally,,visual; video,,civilian,FBI,1,1,1,not-assessed,medium,Sighting of a UAP at a different location than the witness's primary residence.,pursue-r3--fbi-uap-d005
INC-0641,2022-03-25,day,unknown,,unknown,unknown,spherical,,,,in and out of water,,ir,,,Department of War,1,1,1,not-assessed,medium,Multiple spherical UAP/USO near submarine.,pursue-r2-record-index
INC-0642,2022-05-06,day,afternoon,,38SMC53...96...,unknown,,,,5,flying across field of view,,video,,military-other,CENTCOM,1,1,1,unexplained,high,Observation of five unidentified objects during an ISR mission; one described as a possible missile and four as possible birds.,dow-uap-d10-mission-report-middle-east-may-2022
INC-0643,2022-05-06,day,unknown,,,Iraq,,,,,,,visual,1,military-other,Department of War,1,1,1,unexplained,high,U.S. military operator observed 5x UAP.,pursue-r1-record-index
INC-0644,2022-05-20,day,evening,2043Z,38SMC79[1.4a]70[1.4a],Iraq,,,,1,flying north to northeast,,visual,1,military-other,Department of War,1,2,2,unexplained,high,A U.S. military operator observed one UAP flying north to northeast and followed it as long as possible but could not identify it.,dow-uap-d12-mission-report-iraq-may-2022; pursue-r1-record-index
INC-0645,2022-05-29,day,unknown,,,Syria,,,,,,,visual,1,military-other,Department of War,1,1,1,unexplained,high,U.S. military operator observed one UAP flying north to northeast.,pursue-r1-record-index
INC-0646,2022-05-30,day,night,0117Z,,,,,,,,,,,military-other,Department of War,1,1,1,not-assessed,high,An unidentified small UAP was observed flying north to north east by a military asset.,dow-uap-d14-mission-report-iraq-may-2022
INC-0647,2022-06-13,day,unknown,,CENTCOM,unknown,unknown,,,,tracking,,ir,,,Department of War,1,1,1,not-assessed,medium,Infrared sensor tracks multiple areas of contrast.,pursue-r2-record-index
INC-0648,2022-07-31,day,night,0239Z,37SFU2774,Syria,,,,,,less than a minute,visual,1,military-other,Department of War,1,2,2,unexplained,high,An unidentified aerial phenomenon was observed moving from north to south in less than a minute.,dow-uap-d16-mission-report-syria-july-2022; pursue-r1-record-index
INC-0649,2022-08,month,unknown,,EUCOM,unknown,spherical,,,,erratic movement,,ir,,,Department of War,1,1,1,not-assessed,medium,Spherical UAP with erratic movement.,pursue-r2-record-index
INC-0650,2022-08-26,day,unknown,,CENTCOM,Iran,unknown,,,,formation,,ir,,,Department of War,1,1,1,not-assessed,medium,Four UAPs in formation over water.,pursue-r2-record-index
INC-0651,2022-10-15,day,unknown,,CENTCOM,unknown,"cigar, spherical",,,,transiting,,ir,,,Department of War,1,1,1,not-assessed,medium,Cigar shaped or fast spherical UAP.,pursue-r2-record-index
INC-0652,2022-11,month,unknown,,Midwestern United States,United States,unknown,,,,rotating,,ir,,,Department of War,1,1,1,not-assessed,medium,Multiple UAPs encountered.,pursue-r2-record-index
INC-0653,2022-12-01,day,afternoon,,"Baghdad, Iraq",Iraq,,,,1,flying west to east,,visual,1,military-other,CENTCOM; Department of War,2,2,2,unexplained,high,"An unidentified aerial phenomenon or unmanned aerial vehicle was observed flying west to east in the vicinity of Baghdad, Iraq.",dow-uap-d18-mission-report-iraq-december-2022; pursue-r1-record-index
INC-0654,2023,year,dusk,,Western U.S.,United States,orb,,"orange, red",multiple,launching smaller objects; disappearing; moving horizontally; moving at an angle; swooping down,,visual,,federal-le,AARO,1,1,1,not-assessed,high,Multiple teams of federal law enforcement agents observed orange orbs launching smaller red orbs.,western_us_event_slides_5.08.2026
INC-0655,2023,year,dusk,,Western U.S.,United States,orb,12-18 meters,orange,1,hovering; suspended,about a minute,visual,,federal-le,AARO,1,1,1,not-assessed,high,Federal law enforcement agents observed a large glowing orange orb perched near a rock pinnacle.,western_us_event_slides_5.08.2026
INC-0656,2023,year,night,,Western U.S.,United States,triangular,4 feet wide,dark,1,moving laterally; moving at 15-20mph; zero resistance; moving up in height,,visual; nvg,,federal-le,AARO,1,1,1,not-assessed,high,Federal law enforcement agents pursued a dark kite-shaped object moving laterally over the desert.,western_us_event_slides_5.08.2026
INC-0657,2023,year,night,,Western U.S.,United States,kite,,,1,floating; blocking light,,visual; nvg,,federal-le,AARO,1,1,1,not-assessed,high,Federal law enforcement agents observed a transparent kite-shaped object floating in the wind.,western_us_event_slides_5.08.2026
INC-0658,2023,month,night,,Western United States,United States,,,yellow,1,static; moving,10 minutes,visual,1,federal-le,AARO,1,1,1,not-assessed,high,Witness observed a yellow light that moved quickly from North to South.,pursue-r3--dow-uap-d082
INC-0659,2023,year,unknown,,,Western United States,,,,,launching other orbs; hovering,,,7,government-civilian,Department of War,1,1,1,unexplained,high,Seven federal employees reported observing orbs and transparent phenomena.,pursue-r1-record-index
INC-0660,2023,year,unknown,,Western United States,United States,,,,,,,,,federal-le,Department of War,1,1,1,unexplained,high,Reported incident near a sensitive national security site in the western United States over two days.,pursue-r3-record-index
INC-0661,2023-01-05,day,unknown,,Yellow Sea,unknown,spherical,,,,transiting,,ir,,,Department of War,1,1,1,not-assessed,medium,Spherical UAP in clouds.,pursue-r2-record-index
INC-0662,2023-01-20,day,unknown,,NORTHCOM,United States,unknown,,,,tracking,,ir,,,Department of War,1,1,1,not-assessed,medium,Infrared sensor tracks multiple areas of contrast.,pursue-r2-record-index
INC-0663,2023-02-12,day,unknown,,Lake Huron,United States,unknown,,,,fragmenting; high-energy event,,ir,,,Department of War,1,1,1,not-assessed,medium,Kinetic interaction between two areas of contrast.,pursue-r2-record-index
INC-0664,2023-02-13,day,unknown,,Southeastern United States,United States,unknown,,,,tracking,,ir,,,Department of War,1,1,1,not-assessed,medium,Infrared sensor tracks area of contrast.,pursue-r2-record-index
INC-0665,2023-02-21,day,night,0025Z,Shaddadi,Syria,unknown,,white,3,cruising,,visual; ir; video,1,military-pilot; military-other,CENTCOM; Department of War,2,2,3,not-assessed,high,"Three unidentified objects observed by aircrew near Shaddadi, Syria.",dow-uap-d19-mission-report-syria-february-21-2023; dow-uap-d19-mission-report-syria-february-21-2023; pursue-r1-record-index
INC-0666,2023-03,month,night,,Pacific Time Zone,United States,triangular,large,blue,,hovering; jerking motion; jumping motion; emitting light,8 minutes,visual,1,civilian,Office of the Undersecretary of Defense for Intelligence and Security,1,1,1,not-assessed,high,"A civilian reported observing a large blue featureless triangular object hovering near a national security facility, emitting whitish-blue light and moving in a jerking manner.",dow-uap-d51-email-correspondence-pacific-time-zone-march-2023
INC-0667,2023-03-31,day,night,,NE of RLZ,Iraq,,,bright,10-20,maneuvering quickly; dimmed and disappeared,20 seconds,visual; video,1,military-pilot; military-other,77 EFS; Department of War,2,2,2,unexplained,high,"F-16 flight observed multiple bright objects maneuvering quickly west to east, tracked by targeting pod for 20 seconds before they dimmed and disappeared.",dow-uap-d20-mission-report-southern-united-states-2023; pursue-r1-record-index
INC-0668,2023-09-01,day,morning,07:15-07:30,,United States,ellipsoid,length of two or three Blackhawk helicopters,bronze,1,materializing; disappearing; hovering; slowly moving; disappeared; moved east to west parallel to the ground; vanished; disappearing instantaneously,5 to 10 seconds,visual,unknown,civilian; government-civilian; contractor,FBI,1,4,4,unexplained,high,Ellipsoid bronze metallic object materialized out of a bright light.,pursue-r1-record-index; serial-3_redacted; serial-4-redacted_redacted; 2024-04-30-composite-sketch
INC-0669,2023-10,month,dusk,,Western United States,United States,orb,20 feet or more,"orange, red",multiple,launching smaller orbs; coordinated horizontal motion; changes in altitude; stationary loitering; silent; hovering; stationary; releasing objects; fast movement; vertical alignment; changing direction; flying away; expelled smaller lights; maneuvered in formation; hovered; dipped below horizon; flashed lights; morphed; accelerated instantly; glided; mimicked vehicle; dimmed; disappeared; alternating color; expelled smaller objects; mechanical movement; formation flight; evasive maneuvering; floating; beam across; hatching; falling; static; clustering; moving; darting; appearing; disappearing; moving horizontally; zero resistance; release; moving away; drifting; moving up; side to side; evading,several hours,visual; nvg; video,6,federal-le; civilian,AARO; FBI,2,16,28,partially-explained,high,Six federal law enforcement agents observed luminous orange mother orbs releasing smaller red orbs over a two-day period.,pursue-r3--dow-uap-d077; pursue-r3--dow-uap-d079; pursue-r3--dow-uap-d079; pursue-r3--dow-uap-d079; pursue-r3--dow-uap-d079; pursue-r3--dow-uap-d080; pursue-r3--dow-uap-d080; pursue-r3--dow-uap-d080; pursue-r3--dow-uap-d081; pursue-r3--dow-uap-d081; pursue-r3--dow-uap-d082; pursue-r3--dow-uap-d082; pursue-r3--dow-uap-d082; pursue-r3--dow-uap-d083; pursue-r3--dow-uap-d083; pursue-r3--dow-uap-d083; pursue-r3--dow-uap-d083; pursue-r3--dow-uap-d083; pursue-r3--fbi-uap-d014; pursue-r3--fbi-uap-d015; pursue-r3--fbi-uap-d016; pursue-r3--fbi-uap-d017; pursue-r3--fbi-uap-d018; pursue-r3--fbi-uap-d019; pursue-r3--fbi-uap-d020; pursue-r3--fbi-uap-d021; pursue-r3--fbi-uap-d022; pursue-r3--fbi-uap-d023
INC-0670,2023-10,month,night,,Western United States,United States,undefined,,,1,floating,unknown,visual,,federal-le,AARO,1,1,1,not-assessed,high,"Witness 1 observed a translucent, floating object with one round and one square light spot, appearing to have a vertical orientation.",pursue-r3--dow-uap-d079
INC-0671,2023-10,month,unknown,,,United States,orb,large,fiery,,projected against a ridgeline,,,,federal-le,Department of War,1,1,1,not-assessed,medium,Agents reported observing a large fiery orb projected against a ridgeline.,pursue-r3--dow-uap-d078
INC-0672,2023-10,month,unknown,,,United States,kite-shaped,,red and white lights,,hovering,,,,federal-le,Department of War,1,1,2,not-assessed,medium,Agents reported observing a dark kite-shaped object with red and white lights.,pursue-r3--dow-uap-d078; pursue-r3--dow-uap-d078
INC-0673,2023-10-24,day,night,0241Z,39RYJ74,United Arab Emirates,,,,1,,,ir,,military-pilot,CENTCOM,1,1,2,not-assessed,high,UAP observed by military aircraft during ISR mission.,dow-uap-d23-mission-report-united-arab-emirates-october-2023; dow-uap-d23-mission-report-united-arab-emirates-october-2023
INC-0674,2023-10-27,day,night,0035Z,35S KD 95/53,unknown,seemingly circular,,,,90-degree turns; flying above ocean surface,3 minutes,visual; other,,military-other,CENTCOM,1,1,1,unexplained,high,"A UAP was observed flying just above the ocean surface, performing multiple 90-degree turns at approximately 80 mph before being lost from the sensor feed.",dow-uap-d33-mission-report-greece-october-2023
INC-0675,2023-10-27,day,unknown,,,Aegean Sea,,,,,90-degree turns,,visual,1,military-other,Department of War,1,1,1,unexplained,high,U.S. military operator observed a UAP flying just above the ocean.,pursue-r1-record-index
INC-0676,2023-10-29,day,morning,0811Z,,unknown,circular,small,,1,flying straight above the ocean towards land,,visual,,military-other,CENTCOM,1,1,1,unexplained,high,An unidentified aerial phenomenon was observed flying just above the ocean surface towards land before being lost from the sensor feed.,dow-uap-d35-mission-report-greece-october-2023
INC-0677,2023-10-29,day,unknown,,,Aegean Sea,,,,,,,visual,1,military-other,Department of War,1,1,1,unexplained,high,U.S. military operator observed a UAP flying just above the ocean.,pursue-r1-record-index
INC-0678,2023-10-31,day,unknown,,,Persian Gulf,,,,,,,visual,1,military-other,Department of War,1,1,2,unexplained,high,U.S. military operator observed one UAP.,pursue-r1-record-index; pursue-r1-record-index
INC-0679,2023-11-09,day,night,2153Z,,Syria,bouncy ball,,,1,maintained constant speed; dropped altitude; passed aircraft,7 minutes,visual,1,military-pilot; military-other,CENTCOM; Department of War,2,2,2,unexplained,high,A U.S. military aircraft observed an unidentified aerial phenomenon shaped like a bouncy ball traveling at 424 knots for at least 7 minutes.,dow-uap-d74-mission-report-syria-november-2023; pursue-r1-record-index
INC-0680,2023-12,month,unknown,,Langley Air Force Base,United States,roughly 20 feet long,,,,flying at 100 mph; altitude of 3000 feet,,radar; visual,,military-other,USAF,1,1,1,unexplained,high,Drone swarm incursion over Langley Air Force Base.,hearing-2024-11-13-house-oversight
INC-0681,2024-01-25,day,dawn,0509Z,,unknown,"round diamond shape with straight, non-maneuverable tail",,,1,maintained steady flight path; increased and decreased altitude profile; did not change trajectory,2 minutes,ir,,military-other,CENTCOM,1,1,1,not-assessed,high,"A UAP was observed by a military asset while in transit, appearing as a diamond shape with a non-maneuvering probe at the bottom, visible only via SWIR sensor.",dow-uap-d25-mission-report-greece-january-2024
INC-0682,2024-01-25,day,unknown,,,Mediterranean Sea,diamond,,,,,,ir,1,military-other,Department of War,1,1,1,unexplained,high,U.S. military operator observed a diamond-shaped UAP.,pursue-r1-record-index
INC-0683,2024-04-24,day,unknown,,Southeastern United States,United States,tic-tac,,,,tracking; transiting,,ir,,,Department of War,1,1,2,not-assessed,medium,Tic-tac shaped UAP observed by USCG.,pursue-r2-record-index; pursue-r2-record-index
INC-0684,2024-06-07,day,unknown,0457Z,,,spherical with vertical cylindrical pole,,glowing hot,1,flying straight; moving at 140 knots,,visual,,military-other,CENTCOM,1,1,1,unexplained,high,A glowing hot spherical object with a vertical cylindrical pole attached to the bottom was observed moving at 140 knots over the water.,dow-uap-d27-mission-report-united-arab-emirates-october-2023
INC-0685,2024-06-07,day,unknown,,,Gulf of Oman,,,,,,,visual,1,military-other,Department of War,1,1,1,unexplained,high,"U.S. military operator observed one UAP at 24,000 feet.",pursue-r1-record-index
INC-0686,2024-07-14,day,unknown,,Gulf of Aden,unknown,,,,1,straight flight path at same altitude; speed faster than flying speed; followed the UAP till the distance became too far,,visual; video,1,military-other,CENTCOM; Department of War,2,2,2,unexplained,high,"A U.S. military operator observed one UAP maintaining a straight flight path at the same altitude, with speed faster than the aircraft's flying speed.",dow-uap-d75-mission-report-gulf-of-aden-july-2024; pursue-r1-record-index
INC-0687,2024-09-20,day,evening,,Ayn al Asad Airbase (AAAB) Restricted Operating Zone (ROZ) Raindrop,Iraq,,,,,high rate of speed; moved through sensor field-of-view,,ir,unknown,military-other,CENTCOM; Department of War,2,2,2,unexplained,high,"During a weapons calibration test in Iraq, a U.S. military aircraft crew observed an unidentified object moving at a high rate of speed through their IR sensor field-of-view immediately following the release of an AGM-176 missile.",dow-uap-d28-mission-report-east-china-sea-2024; pursue-r1-record-index
INC-0688,2024-10,month,evening,,Northeastern United States,United States,orbs,,unknown,,hovering; moving; changing shape; changing luminosity,,visual; video; other,,civilian,FBI,1,2,2,not-assessed,high,Repeated observations of plasma orbs near a residence in the northeastern United States.,pursue-r3--fbi-uap-d004; pursue-r3-record-index
INC-0689,2024-10-20,day,afternoon,1559Z,,Syria,ball,,white,,crossed camera feed; halo effect,,video; visual,1,military-other,CENTCOM; Department of War,2,2,2,unexplained,high,"Aircrew observed multiple light/glare phenomena, including a misshapen and uneven ball of white light, crossing the FMV camera feed during an ISR mission.","dow-uap-d32-mission-report,-syria-october-2024; pursue-r1-record-index"
INC-0690,2024-11,day,afternoon,,Northeastern United States,United States,,,white,,erratic movement; pulsating; pulsing; flashing; hovering; quick movement; disappearing; reappearing,less than ten seconds,visual; photo,2,federal-le,FBI,1,1,3,not-assessed,high,FBI agents observed a white pulsating light moving erratically at or below the tree line near a pond.,pursue-r3--fbi-uap-d007; pursue-r3--fbi-uap-d007; pursue-r3--fbi-uap-d007
INC-0691,2025,year,night,,,United States,,,,,high speed; split in two; changed direction,,ir; visual,,government-civilian; military-pilot,ODNI,1,1,1,unexplained,high,Ground team observed a super-hot object low to the ground that split in two and changed direction.,pursue-r2--odni-uap-d001
INC-0692,2025,year,night,,,United States,,,,,approached; split in two; high speed,,nvg; ir; visual,,government-civilian; military-pilot,ODNI,1,1,1,unexplained,high,"Object rose from the ground, approached within ten feet of the helicopter, dropped below, and split in two before speeding away.",pursue-r2--odni-uap-d001
INC-0693,2025,year,night,,,United States,orb,,orange,,swarming,several minutes,radar; visual,,government-civilian; military-pilot,ODNI,1,1,1,unexplained,high,Countless orange orbs swarming in all directions against the mountain backdrop.,pursue-r2--odni-uap-d001
INC-0694,2025,year,night,,,United States,oval,,orange with white or yellow center,,stationary; flared up; formation,10-15 seconds,nvg; visual,,government-civilian; military-pilot,ODNI,1,1,1,unexplained,high,"Two large oval-shaped orbs flared up side-by-side near the helicopter, followed by others forming a T-formation.",pursue-r2--odni-uap-d001
INC-0695,2025,year,night,,,United States,orb,,,,matching speed; formation,10-15 seconds,visual,,government-civilian; military-pilot,ODNI,1,1,1,unexplained,high,"Orbs appeared above fighter jets, matching their speed and flight path in horizontal formation.",pursue-r2--odni-uap-d001
INC-0696,2025,year,night,,,United States,orb,,orange,,flaring; formation,several minutes,visual,,government-civilian; military-pilot,ODNI,1,1,1,unexplained,high,"Orange orbs flared up and down around the helicopter, forming a triangle.",pursue-r2--odni-uap-d001
INC-0697,2025,year,unknown,,,Djibouti,,,white,,,,visual,1,military-other,Department of War,1,1,1,unexplained,high,U.S. military operator observed two white hot UAPs.,pursue-r1-record-index
INC-0698,2025,year,unknown,,Western United States,United States,orb,,,,high-speed; split in two; accelerate,,visual; ir,,government-civilian,Office of the Director of National Intelligence,1,1,1,not-assessed,high,Senior intelligence official observes glowing orbs and high-speed object from helicopter.,pursue-r2-record-index
INC-0699,2025-04-10,day,night,2353Z,,,,,,1,,12 seconds,visual,,military-pilot,Office of the Undersecretary of Defense for Intelligence and Security,1,1,1,not-assessed,high,US aircraft observed one possible UAP for 12 seconds.,dow-uap-d50-email-correspondence-indopacom-april-2025
INC-0700,2025-04-11,day,night,0007Z,,,,,,1,,23 seconds,visual,,military-pilot,Office of the Undersecretary of Defense for Intelligence and Security,1,1,1,not-assessed,high,US aircraft observed one possible UAP for 23 seconds.,dow-uap-d50-email-correspondence-indopacom-april-2025
INC-0701,2025-06-15,day,afternoon,1653Z,35SQT3423692957,Djibouti,round,,white hot,2,dynamic south,,visual,,military-other,Department of War,1,1,1,not-assessed,high,U.S. military operator observed two round white hot UAPs moving south at 240 knots.,dow-uap-d8-mission-report-djibouti-2025
INC-0702,2025-07,month,night,,Northeastern United States,United States,sphere,,red,,hovering; moving in tandem; merging,,visual; video,,civilian,FBI,1,1,1,not-assessed,high,Eyewitnesses observed two red orbs with white plasma centers hovering and moving in tandem before merging.,pursue-r3-record-index
INC-0703,2025-12-15,day,evening,18:19:40,Western United States,United States,irregular,,dark,1,hovering; flaring up and down; high speed; split into two; moving in all directions; stationary; flaring up and down in horizontal formation; triangle formation,,ir; visual; nvg,1,military-other; government-civilian; military-pilot,FBI,1,3,11,unexplained,high,"A grainy monochrome IR image of a single dark, irregular-shaped object captured by a U.S. military system.",fbi-photo-b24; pursue-r1-record-index; usper-statement-redacted; usper-statement-redacted; usper-statement-redacted; usper-statement-redacted; usper-statement-redacted; usper-statement-redacted; usper-statement-redacted; usper-statement-redacted; usper-statement-redacted
INC-0704,2026-02,month,night,21:15,,United States,sphere,one meter,red,2,hovering; moved up and to the left; moved in tandem; smooth motion; silent; merged,,visual; video,2,civilian,FBI,1,1,1,not-assessed,high,"Witnesses observed two red spherical objects hovering in their backyard, which then moved in tandem and merged.",pursue-r3--fbi-uap-d009
INC-0705,2026-02,month,unknown,,,United States,orb,dime held at arm's length,white,several,traveling,,visual,1,civilian,FBI,1,1,1,not-assessed,medium,Witness observed several white orbs traveling at high altitude over their house.,pursue-r3--fbi-uap-d009
INC-0706,,day,morning,,,,parachute,,silver,,moving,,,,civilian,FBI,1,1,1,not-assessed,high,Witness observed a very large object high in the sky directly above and west of Sand Point Naval Air Station.,pursue-r3--fbi-uap-d013
INC-0707,,unknown,midday,1258Z,34SDG9041417044,,,,,,increased speed; changed direction,,visual,,military-pilot,Department of War,1,1,1,not-assessed,high,A U.S. military pilot observed a UAP traveling at 321 knots that increased speed and changed direction to the east.,dow-uap-d4-mission-report-arabian-gulf-2020
INC-0708,,unknown,midday,1354Z,,,,FL160 to FL170,,,constant speed,,visual,,military-other,Department of War,1,1,1,not-assessed,high,UAP observed at 1354Z at FL160 to FL170 with a constant velocity of 40 knots.,dow-uap-d5-mission-report-arabian-gulf-2020
INC-0709,,unknown,midday,1319Z,363453N 0255943E,unknown,triangular,,metallic,1,flying,,visual,1,military-other,Department of War,1,1,1,not-assessed,high,"A U.S. military operator observed a single triangular, metallic UAP while in transit.",dow-uap-d54-mission-report-mediterranean-sea-na
INC-0710,,day,afternoon,17:30,,,man's hat,larger than ordinary airplanes,,,hovering; silent flight; high speed departure,,,2,civilian,FBI,1,1,1,not-assessed,medium,"Two individuals reported seeing a flying disc in the shape of a man's hat hovering over Matahambre, Cuba, before it disappeared at high speed toward the sea.",65_hs1-834228961_62-hq-83894_section_9
INC-0711,,day,afternoon,,,,,"1,800 feet altitude",,,,,video,,military-other,Department of War,1,1,1,not-assessed,high,"A U.S. military operator reported observing one UAP at an estimated altitude of 1,800 feet.",dow-uap-d62-mission-report-strait-of-hormuz-september-2020
INC-0712,,day,afternoon,,,,,,,,moving,,,,civilian,FBI,1,1,1,not-assessed,high,Witness observed a bright object in the sky high over Sand Point Naval Air Station.,pursue-r3--fbi-uap-d013
INC-0713,,day,afternoon,,,,ring,,,,shimmering; darting,,,,civilian,FBI,1,1,1,not-assessed,high,Witness observed a bright shimmering object at extreme altitude that darted off to the west.,pursue-r3--fbi-uap-d013
INC-0714,,unknown,evening,1700,"Carthage, Missouri",USA,flat top,30 to 40 feet,aluminum,1,rotating; horizontal flight,,visual,1,civilian,Department of War,1,1,1,not-assessed,high,An aluminum-colored metallic object was observed rotating while moving at high speed.,38_143685_box7_incident_summaries_173-233
INC-0715,,day,evening,1829Z,,,,,,,,,,,military-other,CENTCOM,1,1,1,not-assessed,high,A U.S. military operator reported observing one UAP during an ISR mission.,dow-uap-d63-mission-report-strait-of-hormuz-october-2020
INC-0716,,unknown,evening,18:11:12,Western United States,United States,circular,,dark,1,,,ir,1,military-other,FBI,1,1,1,unexplained,high,"A small, dark, circular object was captured in a monochrome infrared or thermal sensor still over mountainous terrain.",fbi-photo-b12
INC-0717,,unknown,evening,18:19:54,Western United States,United States,elongated,,dark,2,,,visual,1,military-other,FBI,1,1,1,unexplained,high,"A grainy grayscale surveillance image showing two small, dark, elongated objects near the center of the frame.",fbi-photo-b13
INC-0718,,unknown,evening,18:12:20,Western United States,United States,smudge,,monochrome,1,,,ir,1,military-other,FBI,1,1,1,unexplained,medium,"A grainy, grayscale sensor still showing a crosshair reticle and an indistinct smudge, submitted by the FBI to AARO.",fbi-photo-b5
INC-0719,,unknown,evening,18:10:00,Western United States,United States,"structured object with appendage, circular object",,dark,2,,,photo,1,military-other,FBI,1,1,1,unexplained,high,"A grainy monochrome surveillance photograph showing two dark objects, one structured with an appendage and one circular, captured by a U.S. military system.",fbi-photo-b6
INC-0720,,unknown,evening,,countryside near Kiev,USSR,,,reddish,,flashing,,visual,,scientist,CIA,1,1,1,not-assessed,high,Astronomers observed a reddish object flashing through the sky while in the countryside.,pursue-r3--cia-uap-010
INC-0721,,unknown,night,,,,,,white,,flashing,,visual,,civilian,AARO,1,1,1,explained,medium,"Commercial pilot reported white flashing lights in the night sky, later correlated to a Starlink satellite launch.",aaro-fy24-consolidated-annual-report
INC-0722,,unknown,night,,Pacific Ocean,International Waters,equilateral-triangle,,,,slowly rotate,,ir; photo,,,DoD,1,1,1,unexplained,medium,Equilateral triangle UAP observed over ships in the Pacific.,hearing-2024-11-13-house-oversight
INC-0723,unknown,unknown,night,after dark,"Boise, Idaho",USA,unknown,,bluish-green,1,pulsating,,visual,1,unknown,Department of War,1,1,1,unexplained,medium,Pulsating bluish-green light observed moving over mountains.,38_143685_box7_incident_summaries_1-100
INC-0724,,unknown,night,2245,"Martinsburg, West Virginia",USA,parachute flare,,red to blue,1,stationary,1 minute,visual,3,military-pilot; military-other,Department of War,1,1,1,not-assessed,high,A stationary red-to-blue flare-like object was observed.,38_143685_box7_incident_summaries_173-233
INC-0725,,year,night,,,,dome shaped like an eskimo hut,,,,hovering; motionless; noiseless; taking items,,,5,civilian,FBI,1,1,1,not-assessed,high,"A woman reported seeing a flying saucer hovering over her farm in Michigan, which she believed was piloted by outer space visitors who took newspapers and magazines.",65_hs1-834228961_62-hq-83894_section_9
INC-0726,,unknown,night,2243Z,,,,,,,increased speed; changed direction,,visual,,military-other,Department of War,1,1,1,not-assessed,high,"Two UAPs observed at 2243Z traveling at 278 knots, increasing speed and changing direction to the south.",dow-uap-d5-mission-report-arabian-gulf-2020
INC-0727,,unknown,night,18:20:22,Western United States,United States,circular,,dark,2,,,visual,1,military-other,FBI,1,1,1,unexplained,medium,"A grainy monochrome image captured by a U.S. military system showing two small, dark, circular objects near a central crosshair.",fbi-photo-b15
INC-0728,,unknown,night,18:18:58,Western United States,United States,small dark objects,,dark,1-2,,,other,1,military-other,FBI,1,1,1,unexplained,high,"A grainy monochrome image from a U.S. military system shows one to two small, dark objects near a central crosshair reticle.",fbi-photo-b20
INC-0729,,unknown,night,,Western United States,United States,elongated,,dark,2,,,visual; nvg,1,military-other,FBI,1,1,1,unexplained,medium,"Two small, dark, elongated objects observed in a grainy monochrome image captured by a U.S. military system.",fbi-photo-b22
INC-0730,,unknown,night,18:11:34,Western United States,United States,circular,,dark,1,,,ir,1,military-other,FBI,1,1,1,unexplained,high,"A grainy monochrome image captured by a U.S. military system showing a small, dark, circular object near a crosshair reticle.",fbi-photo-b3
INC-0731,,unknown,night,,Apollo 11 Command Module,,flashes,,,multiple,flashing; zapping,,visual,2,astronaut,NASA,1,1,1,partially-explained,high,Astronaut Buzz Aldrin observed flashes of light inside the cabin while trying to sleep.,nasa-uap-d4-apollo-11-technical-crew-debriefing-1969
INC-0732,,unknown,night,,,,discs or circles,,,,shining; appearing in the dark,,,,,CIA,1,1,1,partially-explained,low,"Observations of shining discs or circles in the dark, interpreted by the author as potentially advanced aircraft using rotary gas-turbines.",pursue-r3--cia-uap-005
INC-0733,,unknown,night,,Northeastern United States,United States,ball,basketball and beach ball,yellow,2,move laterally,,visual,2,civilian,FBI,1,1,1,not-assessed,high,"Witness observed two yellow balls of light, one basketball-sized and one beach ball-sized, moving laterally behind trees near their property.",pursue-r3--fbi-uap-d010
INC-0734,,day,night,,,,disc,,,,hovering,,,,unknown,FBI,1,1,1,not-assessed,high,"Witness observed a disc-like object that appeared to have all control surfaces removed, hovering near Pasco, Washington.",pursue-r3--fbi-uap-d013
INC-0735,,day,night,,,,half-moon,,white,,forming into fireballs,,,,civilian,FBI,1,1,1,not-assessed,high,"Ground observer group supervisor reported two half-moon shaped objects over Pasco, Washington.",pursue-r3--fbi-uap-d013
INC-0736,,year,night,,,,spherical,,shiny,,hovering; chugging; taking off,,,,federal-le,FBI,1,1,1,not-assessed,high,"Police officer observed a large, shiny, spherical metal ball hovering over Kennewick, Washington.",pursue-r3--fbi-uap-d013
INC-0737,,unknown,unknown,,Atlantic Ocean off the coast of New York,,cylindrical,,,,near miss,,visual,,civilian,AARO,1,1,1,not-assessed,medium,Commercial aircrew reported a near miss with a cylindrical object over the Atlantic Ocean.,aaro-fy24-consolidated-annual-report
INC-0738,,day,unknown,,"D.C. Cook Nuclear Power Plant, Michigan",,UAS,,,1,crashed,,visual,,government-civilian,AARO,1,1,1,explained,high,Crashed UAS recovered at D.C. Cook Nuclear Power Plant.,aaro-fy24-consolidated-annual-report
INC-0739,,day,unknown,,"Lynchburg, Virginia",,UAS,,,1,flyover,,visual,,contractor,AARO,1,1,1,explained,high,UAS flyovers observed for six consecutive nights at a fuel cycle facility.,aaro-fy24-consolidated-annual-report
INC-0740,,unknown,unknown,,off the coast of Virginia,United States,,,,102,,,visual; other,,,AARO,1,1,1,unexplained,high,U.S. Navy assets operating off the coast of Virginia reported approximately 100 airborne UAP and two likely uncrewed surface systems.,aaro-fy25-consolidated-annual-report
INC-0741,,day,unknown,,,,saucer-like,large,,,"flying in formation; periodically flipped; traveling at 1,700 miles per hour",,,,civilian; military-pilot; military-other; federal-le; government-civilian; contractor; astronaut; scientist; unknown,All-domain Anomaly Resolution Office,1,1,1,not-assessed,high,"Kenneth Arnold sighting of nine circular objects near Mount Rainier, Washington.",aaro-historical-record-report-vol1
INC-0742,,day,unknown,,"Roswell, New Mexico",,,,,,,,,,,USAF,1,1,1,explained,high,"Alleged recovery of metallic and rubber debris from a crashed military balloon near Roswell, New Mexico.",aaro-historical-record-report-vol1
INC-0743,,year,unknown,,,,,,,,,,,,military-other,AARO,1,1,1,explained,medium,Interviewee claimed to have touched an extraterrestrial spacecraft in a building.,aaro-historical-record-report-vol1
INC-0744,,decade,unknown,,,,,,,,,,,,,AARO,1,1,1,explained,medium,Interviewee overheard conversation about aliens present during specialized materials testing.,aaro-historical-record-report-vol1
INC-0745,,year,unknown,,,,,,,,,,,,military-other,AARO,1,1,1,not-assessed,medium,Interviewee encountered U.S. Special Forces loading containers onto a large extraterrestrial spacecraft.,aaro-historical-record-report-vol1
INC-0746,,year,unknown,,,,,,,,,,,,military-other,AARO,1,1,1,partially-explained,medium,Observation of a UAP destroying an ICBM loaded with a dummy warhead mid-flight.,aaro-historical-record-report-vol1
INC-0747,,unknown,unknown,,Gulf of Mexico,United States,orb,,,,formation flight; jamming sensors,,radar; visual,multiple,military-pilot,USAF,1,1,1,unexplained,high,Diamond formation UAP encounter over the Gulf of Mexico.,hearing-2023-07-26-house-oversight
INC-0748,,unknown,unknown,,,Kuwait,white orb,,,,emerging from ocean,,video,,military-other,DoD,1,1,1,unexplained,medium,Orb UAP observed off the coast of Kuwait.,hearing-2024-11-13-house-oversight
INC-0749,,unknown,unknown,,,United States,metallic orbs,smaller than a sedan,,,hovering; rapid acceleration; intercepting,,radar,,military-pilot,USAF,1,1,1,unexplained,medium,F-22 intercepted and boxed in by metallic orbs.,hearing-2024-11-13-house-oversight
INC-0750,,unknown,unknown,,,,,,,,,,,,,Office of the Director of National Intelligence,1,1,1,explained,high,"A UAP incident identified as a large, deflating balloon.",odni-2021-preliminary-assessment
INC-0751,,unknown,unknown,,,,,,,,remain stationary in winds aloft; move against the wind; maneuver abruptly; move at considerable speed; acceleration; signature management,,,,,Office of the Director of National Intelligence,1,1,1,unexplained,medium,18 incidents involving UAP exhibiting unusual movement patterns or flight characteristics.,odni-2021-preliminary-assessment
INC-0752,,unknown,unknown,,,,,,,,near miss,,,,,Office of the Director of National Intelligence,1,1,1,unexplained,medium,11 documented instances of near misses between pilots and UAP.,odni-2021-preliminary-assessment
INC-0753,,unknown,unknown,,,Mexico,,,,,fast-moving,,video,,military-pilot,Department of State,1,1,1,not-assessed,medium,"Mexican pilots encountered fast-moving flying objects during flight, as presented in testimony to the Mexican Congress.",059uap00013
INC-0754,,unknown,unknown,,"Crater Alphonsus, Moon",,,,,,emanating hot gases,,,,,,0,1,1,not-assessed,low,Discovery of hot gases emanating from the lunar crater Alphonsus.,59_214434_sp_16_19630718
INC-0755,,unknown,unknown,,,,hot spots,unknown,,,,,ir,,scientist,,0,1,1,not-assessed,low,Infra-red scans of the moon showing hot spots.,59_214434_sp_16_19630718
INC-0756,,unknown,unknown,,,,,,,,,,,,,Department of State,1,1,1,not-assessed,low,Observation of hot gases emanating from the lunar crater Alphonsus.,59_214434_sp_16_7.18.1963
INC-0757,,unknown,unknown,,,,,,,,,,,,,FBI,1,1,1,explained,low,"A report of a U.S. government capture of a saucer occupant, accompanied by a photograph of two alleged FBI agents and an alien.",65_hs1-834228961_62-hq-83894_section_10
INC-0758,,unknown,unknown,,"Fort Richardson, Alaska",USA,sphere,2-10 feet,silver,1,high speed; traveling against wind,,visual,2,military-other,FBI,1,1,1,not-assessed,high,"Two army officers observed a silver, spherical object over Fort Richardson, Alaska.",65_hs1-834228961_62-hq-83894_section_3
INC-0759,,day,unknown,,,,flying saucers,,,,,,visual,,civilian,FBI,1,1,1,not-assessed,medium,"Convention planned in Alexandria, Louisiana for persons who have seen flying saucers.",65_hs1-834228961_62-hq-83894_section_5
INC-0760,,month,unknown,,,,unknown,unknown,,,,,other,unknown,unknown; government-civilian; military-other; scientist,FBI,1,1,1,not-assessed,medium,"A large explosion in central Africa was initially reported as potentially caused by a flying saucer, but later reports indicated it was a meteor.",65_hs1-834228961_62-hq-83894_section_7
INC-0761,,unknown,unknown,,,,double truncated cone,,,,jet propulsion; changing position,,,,civilian,FBI,1,1,1,not-assessed,medium,"Student German Horacio Robles Jr. observed and photographed a flying saucer over Durango, Mexico, at an altitude of 8,000 to 9,000 feet.",65_hs1-834228961_62-hq-83894_serial_220
INC-0762,,unknown,unknown,,,,double truncated cone,,,,jet propulsion; oscillating; changing position,,,,civilian,FBI,1,1,1,not-assessed,medium,"Student Osvaldo Rhodes Jr. observed and photographed a flying saucer from an airplane over Furnas at an altitude of 8,000 to 9,000 feet.",65_hs1-834228961_62-hq-83894_serial_220
INC-0763,,day,unknown,,,,oval/orb,,,,low speed,,,,military-pilot,Department of War,1,1,1,not-assessed,high,U.S. aircraft observed a possible UAP described as oval/orb shaped moving at low speed.,dow-uap-d52-email-correspondance-na-august-2024
INC-0764,,unknown,unknown,,Western United States,United States,circular,,dark,1,,,ir,1,military-other,FBI,1,1,1,unexplained,medium,"A grainy, monochrome infrared still image showing a small, dark, circular object near a crosshair reticle against a background of indistinct terrain.",fbi-photo-b1
INC-0765,,unknown,unknown,,Western United States,United States,circular,,dark,1,,,ir; photo,1,unknown,FBI,1,1,1,unexplained,high,"A grainy infrared-style photograph shows a small, dark, circular object near the center of a crosshair reticle against a mountain background.",fbi-photo-b10
INC-0766,,unknown,unknown,,Western United States,United States,circular,,dark,,,,ir,,unknown,FBI,1,1,1,unexplained,medium,"A grainy monochrome infrared still image showing a small, dark, circular object against a mountainous background, captured by a U.S. military system.",fbi-photo-b11
INC-0767,,unknown,unknown,,Western United States,United States,circular,,dark,2,,,photo,1,unknown,FBI,1,1,1,unexplained,medium,"Two small, dark, circular objects observed in a grainy, monochrome surveillance image.",fbi-photo-b14
INC-0768,,unknown,unknown,,Western United States,United States,irregular,,dark,2,,,ir,1,military-other,FBI,1,1,1,unexplained,medium,"FBI submitted a still image of two dark, irregular-shaped objects captured by a U.S. military system.",fbi-photo-b16
INC-0769,,unknown,unknown,,Western United States,United States,circular,,dark,2,,,ir,1,military-other,FBI,1,1,1,unexplained,medium,"Two small, dark, circular objects observed in a grainy monochrome image captured by a U.S. military system.",fbi-photo-b17
INC-0770,,unknown,unknown,,Western United States,United States,elongated,,dark,2,,,other,1,military-other,FBI,1,1,1,unexplained,medium,"Two small, dark, elongated objects observed in a grainy monochrome image captured by a U.S. military system.",fbi-photo-b18
INC-0771,,unknown,unknown,,Western United States,United States,elongated,,dark,1,,,ir,1,military-other,FBI,1,1,1,unexplained,high,"A grainy monochrome IR/SWIR image from a military targeting system showing a small, dark, elongated object centered in a crosshair reticle.",fbi-photo-b19
INC-0772,,unknown,unknown,,Western United States,United States,circular or oval,,dark,1,,,photo,1,military-other,FBI,1,1,1,not-assessed,high,"A small, dark, circular or oval object was captured in a grainy monochrome image by a U.S. military system.",fbi-photo-b2
INC-0773,,unknown,unknown,,Western United States,United States,small dark objects,,dark,1-2,,,visual,1,military-other,FBI,1,1,1,unexplained,medium,A grainy monochrome image from a U.S. military system showing one or two small dark objects near a crosshair reticle.,fbi-photo-b21
INC-0774,,unknown,unknown,,Western United States,United States,oblong or pill-shaped,,dark,1,,,ir,1,unknown,FBI,1,1,1,not-assessed,high,"A grainy, monochrome infrared sensor image showing a single dark, oblong object near the center of a targeting reticle.",fbi-photo-b23
INC-0775,,unknown,unknown,,Western United States,United States,circular,,dark,1,,,visual,1,military-other,FBI,1,1,1,unexplained,medium,"A grainy, monochrome still image captured by a U.S. military system showing a small, dark, circular object.",fbi-photo-b4
INC-0776,,unknown,unknown,,Western United States,United States,circular,,dark,2,,,visual,1,unknown,FBI,1,1,1,unexplained,high,"FBI submitted a still image of a UAP to AARO, featuring a helicopter and a smaller dark circular object.",fbi-photo-b7
INC-0777,,unknown,unknown,,Space (en route to Moon),,"L-shaped, hollow cylinder, open-book",sizeable,,1,tumbling,,visual,3,astronaut,NASA,1,1,1,partially-explained,high,Apollo 11 crew observed an unidentified object while traveling to the Moon.,nasa-uap-d4-apollo-11-technical-crew-debriefing-1969
INC-0778,,unknown,unknown,,Lunar orbit,,light source,,bright,1,bright light,,visual,2,astronaut,NASA,1,1,1,explained,high,Crew observed a bright light source while in lunar orbit.,nasa-uap-d4-apollo-11-technical-crew-debriefing-1969
INC-0779,,year,unknown,,,,,,,,flashing,,,,astronaut,NASA,1,1,1,not-assessed,high,Astronaut Harrison Schmitt reported seeing light flashes continuously during the Apollo 17 flight while dark adapted.,nasa-uap-d6-apollo-17-technical-crew-debriefing-1973
INC-0780,,year,unknown,,lunar surface,,,,,,flashing,,,,astronaut,NASA,1,1,1,not-assessed,high,Astronaut Harrison Schmitt observed a potential light flash on the lunar surface.,nasa-uap-d6-apollo-17-technical-crew-debriefing-1973
INC-0781,unknown,unknown,unknown,,,Mediterranean Sea,triangular,,,,,,visual,1,military-other,Department of War,1,1,1,unexplained,high,U.S. military operator observed a triangular and metallic UAP.,pursue-r1-record-index
INC-0782,,month,unknown,,,,,,,,,,visual,,unknown,FBI,1,1,1,partially-explained,high,Witness observed a light that they initially suspected might be a meteor moving directly toward them.,serial_5_redacted_redacted
INC-0783,,unknown,unknown,,,,unknown,unknown,,,,,radar,,unknown,Department of Energy,1,1,1,not-assessed,medium,Unidentified object incident at Pantex facility involving ground surveillance radar imagery.,pursue-r2--doe-uap-d001
INC-0784,,unknown,unknown,,unknown,unknown,unknown,,,,formation,,ir,,,Department of War,1,1,1,not-assessed,medium,Four areas of contrast in formation.,pursue-r2-record-index
INC-0785,,unknown,unknown,,unknown,unknown,spherical,,,,pulsing,,ir,,,Department of War,1,1,1,not-assessed,medium,Spherical UAP pulsing over water.,pursue-r2-record-index
INC-0786,,unknown,unknown,,INDOPACOM,unknown,unknown,,,,tracking,,ir,,,Department of War,1,1,1,not-assessed,medium,Infrared sensor tracks area of contrast.,pursue-r2-record-index
INC-0787,,unknown,unknown,,CENTCOM,unknown,unknown,,,,transiting,,ir,,,Department of War,1,1,1,not-assessed,medium,Area of contrast transits field of view.,pursue-r2-record-index
INC-0788,,unknown,unknown,,NORTHCOM,United States,unknown,,,,tracking,,ir,,,Department of War,1,1,1,not-assessed,medium,Infrared sensor tracks area of contrast.,pursue-r2-record-index
INC-0789,,unknown,unknown,,CENTCOM,unknown,unknown,,,,formation,,ir,,,Department of War,1,1,1,not-assessed,medium,UFOs in formation over Persian Gulf.,pursue-r2-record-index
INC-0790,,year,unknown,,,,,,,,,,,,,CIA,1,1,1,not-assessed,medium,Canadian Department of Transport investigation into UFOs led by Wilbur B. Smith.,pursue-r3--cia-uap-007
INC-0791,,unknown,unknown,,,,,,,,,,,,,CIA,1,1,1,not-assessed,low,"Reports of flying saucer experiments being conducted at A. V. Roe, Ltd., Toronto.",pursue-r3--cia-uap-007
INC-0792,,year,unknown,,,,,,,,,,,,,CIA,1,1,1,not-assessed,low,A Soviet committee member gave a talk regarding the investigation of flying saucers at a conference in Armenia.,pursue-r3--cia-uap-008
INC-0793,,unknown,unknown,,Caucasus,USSR,,,,,,,,,scientist,CIA,1,1,1,not-assessed,low,Astronomer at Pulkovo Observatory heard of sightings of unidentified objects near the Caucasus.,pursue-r3--cia-uap-010
INC-0794,,unknown,unknown,,northern USSR,USSR,,,,,,,,,scientist,CIA,1,1,1,not-assessed,low,Sightings of unidentified objects reported in the northern part of the USSR.,pursue-r3--cia-uap-010
INC-0795,,unknown,unknown,,,,ball,ball lightning,,,,,,,scientist,CIA,1,1,1,explained,high,Repeated sightings of ball lightning in northern Kazakhstan determined to be reflections of automobile headlights.,pursue-r3--cia-uap-010
INC-0796,,year,unknown,,,,,,,,,,,,,CIA,1,1,1,not-assessed,medium,"Dr. Akoyev discussed UFO phenomena with an individual, noting that 99 percent of occurrences are traceable to natural or man-made phenomena, while one percent remains unexplained.",pursue-r3--cia-uap-012
INC-0797,,unknown,unknown,,"Tremonton, Utah",United States,,,,,,,photo; video,,military-other,CIA,1,1,1,not-assessed,low,"Reference to the Tremonton, Utah UFO film incident.",pursue-r3--cia-uap-014
INC-0798,,month,unknown,,,,disc-shaped,,,,chainlike formation,,,,civilian; military-pilot,CIA,1,1,1,not-assessed,high,"Kenneth Arnold sighting of a chainlike formation of disc-shaped objects near Mount Rainier, Washington.",pursue-r3--cia-uap-015
INC-0799,,year,unknown,,,,,,,,,,visual,,unknown,USAF,1,1,1,not-assessed,medium,"Statistical analysis of UAP reports by year, month, and evaluation category.",pursue-r3--cia-uap-015
INC-0800,,year,unknown,,,,unknown,unknown,,,,,visual,,unknown,USAF,1,1,1,not-assessed,high,"Statistical analysis of UAP reports by evaluation category (Balloon, Astronomical, Aircraft, Light Phenomena, Birds, Clouds/Dust, Insufficient Info, Psychological, Unknown, Other) across various years and conditions.",pursue-r3--cia-uap-015
INC-0801,,year,unknown,,,,,,,,,,visual,,unknown,USAF,1,1,1,not-assessed,high,"Statistical analysis of UAP reports from 1947-1952, categorized by evaluation type (Balloon, Astronomical, Aircraft, etc.) and confidence levels.",pursue-r3--cia-uap-015
INC-0802,,unknown,unknown,,"Baltichaur, NE of Pokhara",Nepal,disc-shaped,,,,crashed,,visual,,,CIA,1,1,1,not-assessed,medium,Metallic disc-shaped object found in a crater.,pursue-r3--cia-uap-016
INC-0803,,year,unknown,,,,,,,,,,,,,Department of War,1,1,1,partially-explained,medium,"Evaluation of UAP phenomenon reports from June 1945 to 1949, noting that 20% of 210 incidents were explained as weather balloons, research equipment, meteors, or Venus.",pursue-r3--dow-uap-d084
INC-0804,,unknown,unknown,,"Cheyenne Mountain, Colorado",United States,potato,,creamy/whitish opalescent,1,perfectly still; panels shifted in slow waves; cloaked,approximately two minutes,visual,5,military-other,FBI,1,1,1,not-assessed,high,A former U.S. Army intelligence officer and four unit members observed a UAP over the Cheyenne Mountains.,pursue-r3--fbi-uap-d002
INC-0805,,month,unknown,,,,,,,,,,visual,,federal-le,FBI,1,1,1,not-assessed,high,Two FBI Special Agents observed UAP activity during a site survey in the Northeastern United States.,pursue-r3--fbi-uap-d008
INC-0806,,unknown,unknown,,Northeastern United States,United States,orb,,white,several,traveling,,visual,1,civilian,FBI,1,1,1,not-assessed,medium,Witness observed several white orbs traveling from west to east at a high altitude.,pursue-r3--fbi-uap-d010
INC-0807,,unknown,unknown,,,,,,metallic,,flying,,,,civilian,FBI,1,1,1,not-assessed,medium,Witness observed a metallic object in the sky flying westerly.,pursue-r3--fbi-uap-d013
INC-0808,,unknown,unknown,,,,,,,,falling; traveling,,,,civilian,FBI,1,1,1,not-assessed,medium,Witness observed two bright objects in the sky resembling falling stars.,pursue-r3--fbi-uap-d013
INC-0809,,day,unknown,,,,,,,,flying,,,,civilian,FBI,1,1,1,not-assessed,medium,Witness observed small objects flying away from the Alaska Union Oil Company.,pursue-r3--fbi-uap-d013
INC-0810,,day,unknown,,,,,,,,flashing,,,,civilian,FBI,1,1,1,not-assessed,medium,Witness observed a man on a beach with a device and bright flashes.,pursue-r3--fbi-uap-d013
INC-0811,,day,unknown,,,,,,,,,,,,astronaut,NASA,1,1,1,not-assessed,high,Astronauts McDivitt and White report visual sightings during the Gemini 4 mission.,pursue-r3--nasa-uap-d017
INC-0812,,unknown,unknown,,,unknown,point of light,,,,moving; breaking up,,visual,,military-pilot,NASA,1,1,1,explained,high,Astronauts observed a Minuteman reentry vehicle which appeared as a brilliant object that broke up into several pieces.,pursue-r3--nasa-uap-d021
INC-0813,,unknown,unknown,,,unknown,point of light,,,,moving,,visual; ir; photo,,military-pilot,NASA,1,1,1,explained,high,"Astronauts observed two satellites in polar orbits, one above and one below the spacecraft, crossing from left to right.",pursue-r3--nasa-uap-d021
INC-0814,unknown,unknown,unknown,,,USA,,,,,under observance,,visual,1,military-pilot,NASA,1,1,1,unexplained,medium,Astronaut James F. Buchli reported observing an alien spacecraft during Shuttle Discovery mission 20.,pursue-r3--usg-uap-d001
